note,target_hz,block,elapsed_s,gesture,rms,algorithm,frequency_hz,cents
G4,391.99543598174927,1,0.26141438298509456,free sweep ( 2% of recording),0.0130287641659379,loiacono,459.4804642680621,275.0000000000001
G4,391.99543598174927,1,0.264614054991398,free sweep ( 2% of recording),0.0130287641659379,librosa,469.1489361702128,311.05096415593806
G4,391.99543598174927,2,0.5156578540045302,free sweep ( 6% of recording),0.013030978851020336,loiacono,427.29512243215515,149.27519002324777
G4,391.99543598174927,2,0.519245163013693,free sweep ( 6% of recording),0.013030978851020336,librosa,469.1489361702128,311.05096415593806
G4,391.99543598174927,3,0.7729226310038939,free sweep (10% of recording),0.013041977770626545,loiacono,392.46906816696054,2.0905171899303245
G4,391.99543598174927,3,0.7770047280064318,free sweep (10% of recording),0.013041977770626545,librosa,450.6539139097813,241.41967609011746
G4,391.99543598174927,4,1.0223161830217578,free sweep (15% of recording),0.013068869709968567,loiacono,396.6862194402664,20.593707848163145
G4,391.99543598174927,4,1.025002332025906,free sweep (15% of recording),0.013068869709968567,librosa,410.4375651369109,79.59110640177617
G4,391.99543598174927,5,1.2619098729919642,free sweep (19% of recording),0.013061212375760078,loiacono,396.1309662073823,18.16875168628259
G4,391.99543598174927,5,1.2653444659954403,free sweep (19% of recording),0.013061212375760078,librosa,418.59729099028596,113.67134153036075
G4,391.99543598174927,6,1.514954032987589,free sweep (23% of recording),0.013043289072811604,loiacono,396.7489849493694,20.867609954073096
G4,391.99543598174927,6,1.5191679479903542,free sweep (23% of recording),0.013043289072811604,librosa,415.2551190805902,99.79331534089398
G4,391.99543598174927,7,1.7729058999975678,free sweep (27% of recording),0.013025223277509212,loiacono,374.255824286782,-80.17450674137747
G4,391.99543598174927,7,1.7765999890107196,free sweep (27% of recording),0.013025223277509212,librosa,435.77749714414495,183.30581138395226
G4,391.99543598174927,8,2.016587067017099,free sweep (31% of recording),0.013048081658780575,loiacono,459.4804642680621,275.0000000000001
G4,391.99543598174927,8,2.0199367000022903,free sweep (31% of recording),0.013048081658780575,librosa,469.1489361702128,311.05096415593806
G4,391.99543598174927,9,2.265268343006028,free sweep (35% of recording),0.013064330443739891,loiacono,389.3412024776253,-11.762195361404716
G4,391.99543598174927,9,2.268763558997307,free sweep (35% of recording),0.013064330443739891,librosa,432.7389357744567,171.19209155836228
G4,391.99543598174927,10,2.524660451017553,free sweep (40% of recording),0.013080340810120106,loiacono,388.5114451409191,-15.455709044330293
G4,391.99543598174927,10,2.5274050190055277,free sweep (40% of recording),0.013080340810120106,librosa,398.21969476151753,27.27326057370314
G4,391.99543598174927,11,2.7717634059954435,free sweep (44% of recording),0.013060231693089008,loiacono,390.91017212376346,-4.79967681199004
G4,391.99543598174927,11,2.774872748996131,free sweep (44% of recording),0.013060231693089008,librosa,416.86465729474156,106.49064645554178
G4,391.99543598174927,12,3.012669276999077,free sweep (48% of recording),0.013059399090707302,loiacono,392.74944088571647,3.3268375572469746
G4,391.99543598174927,12,3.015509785996983,free sweep (48% of recording),0.013059399090707302,librosa,409.2911687410915,74.7488172735762
G4,391.99543598174927,13,3.265610414004186,free sweep (52% of recording),0.013058076612651348,loiacono,392.89224768787415,3.9562135301679353
G4,391.99543598174927,13,3.26835590499104,free sweep (52% of recording),0.013058076612651348,librosa,414.8968322692308,98.29894225735983
G4,391.99543598174927,14,3.511868223984493,free sweep (56% of recording),0.013038024306297302,loiacono,394.49682740656584,11.012209039124937
G4,391.99543598174927,14,3.5154229729960207,free sweep (56% of recording),0.013038024306297302,librosa,412.0005771177006,86.17140145122636
G4,391.99543598174927,15,3.7653874959796667,free sweep (60% of recording),0.013031579554080963,loiacono,408.35951055558877,70.8035650731048
G4,391.99543598174927,15,3.768811468995409,free sweep (60% of recording),0.013031579554080963,librosa,409.03981979054004,73.68532614058977
G4,391.99543598174927,16,4.02245067601325,free sweep (65% of recording),0.013048709370195866,loiacono,353.49301610516284,-178.98617378497138
G4,391.99543598174927,16,4.026051530992845,free sweep (65% of recording),0.013048709370195866,librosa,464.0353339914236,292.0773678373594
G4,391.99543598174927,17,4.27314698198461,free sweep (69% of recording),0.013038333505392075,loiacono,394.42435966864576,10.694157964431309
G4,391.99543598174927,17,4.276539256010437,free sweep (69% of recording),0.013038333505392075,librosa,461.01479479416855,280.77143159238517
G4,391.99543598174927,18,4.51299258400104,free sweep (73% of recording),0.013049459084868431,loiacono,392.4349506529453,1.940013687454639
G4,391.99543598174927,18,4.516532534005819,free sweep (73% of recording),0.013049459084868431,librosa,418.9220991742327,115.01416182147247
G4,391.99543598174927,19,4.763490238023223,free sweep (77% of recording),0.013050938956439495,loiacono,392.91141792757765,4.040682903784402
G4,391.99543598174927,19,4.766192827024497,free sweep (77% of recording),0.013050938956439495,librosa,418.9768404472454,115.24037038048198
G4,391.99543598174927,20,5.012640172993997,free sweep (81% of recording),0.013054071925580502,loiacono,393.23865088771896,5.481926497761087
G4,391.99543598174927,20,5.0161894710035995,free sweep (81% of recording),0.013054071925580502,librosa,423.05473714502426,132.00897857459412
G4,391.99543598174927,21,5.264407757989829,free sweep (85% of recording),0.013080155476927757,loiacono,391.9185830767368,-0.33945142737297723
G4,391.99543598174927,21,5.267313699005172,free sweep (85% of recording),0.013080155476927757,librosa,422.3436824364035,129.09673652615152
G4,391.99543598174927,22,5.512664808979025,free sweep (90% of recording),0.01304873637855053,loiacono,395.0209100898585,13.31059924878081
G4,391.99543598174927,22,5.516313613974489,free sweep (90% of recording),0.01304873637855053,librosa,413.90326754471096,94.14813700185815
G4,391.99543598174927,23,5.763738573004957,free sweep (94% of recording),0.0130467489361763,loiacono,389.74879462870547,-9.950755150181026
G4,391.99543598174927,23,5.767339468002319,free sweep (94% of recording),0.0130467489361763,librosa,408.4411856696958,71.14979087733909
G4,391.99543598174927,24,6.023335235018749,free sweep (98% of recording),0.01304871216416359,loiacono,390.7456875293174,-5.5282873152912035
G4,391.99543598174927,24,6.026064525009133,free sweep (98% of recording),0.01304871216416359,librosa,408.8734841284146,72.98117824512022
A4,440.0,1,0.2659313759941142,free sweep ( 2% of recording),0.013045566156506538,loiacono,398.9313524573981,-169.63561543918573
A4,440.0,1,0.2675370580109302,free sweep ( 2% of recording),0.013045566156506538,librosa,420.2902100121617,-79.34120656901945
A4,440.0,2,0.5135936709993985,free sweep ( 6% of recording),0.013039540499448776,loiacono,391.83691655987684,-200.70023704287158
A4,440.0,2,0.5159457940026186,free sweep ( 6% of recording),0.013039540499448776,librosa,525.0,305.77667883459037
A4,440.0,3,0.7651329490181524,free sweep (10% of recording),0.013047914952039719,loiacono,369.9944227116344,-300.00000000000006
A4,440.0,3,0.7668538970174268,free sweep (10% of recording),0.013047914952039719,librosa,525.0,305.77667883459037
A4,440.0,4,1.0133958100050222,free sweep (15% of recording),0.013038159348070621,loiacono,515.7493830804707,275.0000000000001
A4,440.0,4,1.0155840150255244,free sweep (15% of recording),0.013038159348070621,librosa,525.0,305.77667883459037
A4,440.0,5,1.2660924189840443,free sweep (19% of recording),0.013051657006144524,loiacono,402.0414752719873,-156.19102059783333
A4,440.0,5,1.2680556909763254,free sweep (19% of recording),0.013051657006144524,librosa,525.0,305.77667883459037
A4,440.0,6,1.5129264800052624,free sweep (23% of recording),0.013050956651568413,loiacono,445.84823856953744,22.85903249420034
A4,440.0,6,1.5146616249985527,free sweep (23% of recording),0.013050956651568413,librosa,460.21152195139234,77.75229585283635
A4,440.0,7,1.7667718239827082,free sweep (27% of recording),0.0130611015483737,loiacono,456.8631222585285,65.11016392943627
A4,440.0,7,1.7683755820035003,free sweep (27% of recording),0.0130611015483737,librosa,511.6086007353694,261.04439286525763
A4,440.0,8,2.0127856760227587,free sweep (31% of recording),0.013063712976872921,loiacono,509.24860447333884,253.0399175241082
A4,440.0,8,2.0148005850205664,free sweep (31% of recording),0.013063712976872921,librosa,525.0,305.77667883459037
A4,440.0,9,2.266672886995366,free sweep (35% of recording),0.013057838194072247,loiacono,369.9944227116344,-300.00000000000006
A4,440.0,9,2.2686291270074435,free sweep (35% of recording),0.013057838194072247,librosa,525.0,305.77667883459037
A4,440.0,10,2.51758674098528,free sweep (40% of recording),0.013043589890003204,loiacono,437.07832291497516,-11.534033910341098
A4,440.0,10,2.519694023998454,free sweep (40% of recording),0.013043589890003204,librosa,525.0,305.77667883459037
A4,440.0,11,2.7671869120094925,free sweep (44% of recording),0.013032854534685612,loiacono,378.6148228718719,-260.1271556457838
A4,440.0,11,2.76931207801681,free sweep (44% of recording),0.013032854534685612,librosa,525.0,305.77667883459037
A4,440.0,12,3.0119538950093556,free sweep (48% of recording),0.013067935593426228,loiacono,450.6294606277094,41.325733705866746
A4,440.0,12,3.014047633012524,free sweep (48% of recording),0.013067935593426228,librosa,448.1720972632469,31.859168610583918
A4,440.0,13,3.2670958410017192,free sweep (52% of recording),0.013107978738844395,loiacono,442.68894377474436,10.5477823231743
A4,440.0,13,3.2688508429855574,free sweep (52% of recording),0.013107978738844395,librosa,448.714321263971,33.95244764179514
A4,440.0,14,3.5121374989976175,free sweep (56% of recording),0.013089824467897415,loiacono,442.83785641573144,11.130040560390732
A4,440.0,14,3.514187505003065,free sweep (56% of recording),0.013089824467897415,librosa,451.2895227576398,43.85971349539755
A4,440.0,15,3.7677996199927293,free sweep (60% of recording),0.0130856242030859,loiacono,445.4198211391189,21.19468271345991
A4,440.0,15,3.7695045190048404,free sweep (60% of recording),0.0130856242030859,librosa,451.5249792572203,44.76273469738336
A4,440.0,16,4.011882952006999,free sweep (65% of recording),0.01307604182511568,loiacono,444.1364252761171,16.199247816547437
A4,440.0,16,4.013570377021097,free sweep (65% of recording),0.01307604182511568,librosa,450.0721360115475,39.183271699310566
A4,440.0,17,4.267217860004166,free sweep (69% of recording),0.01309388317167759,loiacono,445.1204105369511,20.030558218646494
A4,440.0,17,4.269450517982477,free sweep (69% of recording),0.01309388317167759,librosa,448.4530026087708,32.94393171774246
A4,440.0,18,4.523954596981639,free sweep (73% of recording),0.013118118979036808,loiacono,444.4779027129191,17.529807939334532
A4,440.0,18,4.525654745986685,free sweep (73% of recording),0.013118118979036808,librosa,445.7581275406495,22.50909492563182
A4,440.0,19,4.763676456990652,free sweep (77% of recording),0.013116736896336079,loiacono,439.7388950383949,-1.0276544909710992
A4,440.0,19,4.765358692005975,free sweep (77% of recording),0.013116736896336079,librosa,445.00838100866565,19.594780077921335
A4,440.0,20,5.016726869012928,free sweep (81% of recording),0.013099204748868942,loiacono,439.2052062455581,-3.13004148455124
A4,440.0,20,5.018390379002085,free sweep (81% of recording),0.013099204748868942,librosa,443.7067320326022,14.523502217148133
A4,440.0,21,5.2624895610206295,free sweep (85% of recording),0.013094207271933556,loiacono,446.3145949346866,24.66895342244616
A4,440.0,21,5.264545697020367,free sweep (85% of recording),0.013094207271933556,librosa,445.1857887591275,20.28481906641352
A4,440.0,22,5.51738928098348,free sweep (90% of recording),0.013088437728583813,loiacono,446.17511430799544,24.127829845158576
A4,440.0,22,5.519445337995421,free sweep (90% of recording),0.013088437728583813,librosa,451.9208447477668,46.27989453527371
A4,440.0,23,5.774020830984227,free sweep (94% of recording),0.013085787184536457,loiacono,445.6670064076475,22.155162772309026
A4,440.0,23,5.776140606991248,free sweep (94% of recording),0.013085787184536457,librosa,451.2167601428398,43.58055950190043
A4,440.0,24,6.014268858009018,free sweep (98% of recording),0.013086816295981407,loiacono,435.7989619132822,-16.60891660392058
A4,440.0,24,6.0162766439898405,free sweep (98% of recording),0.013086816295981407,librosa,445.44361357621915,21.287155421673
B4,493.8833012561241,1,0.26140149898128584,free sweep ( 2% of recording),0.01308297086507082,loiacono,445.18288545113137,-179.7264713255409
B4,493.8833012561241,1,0.26420189198688604,free sweep ( 2% of recording),0.01308297086507082,librosa,588.0,301.9751575740457
B4,493.8833012561241,2,0.5165244289964903,free sweep ( 6% of recording),0.013090110383927822,loiacono,440.4308643890404,-198.3055406379865
B4,493.8833012561241,2,0.5192936139937956,free sweep ( 6% of recording),0.013090110383927822,librosa,447.55472192062916,-170.5273210211966
B4,493.8833012561241,3,0.7619942410092335,free sweep (10% of recording),0.01304128859192133,loiacono,509.6309433025686,54.339223280038404
B4,493.8833012561241,3,0.7647219680075068,free sweep (10% of recording),0.01304128859192133,librosa,588.0,301.9751575740457
B4,493.8833012561241,4,1.0163277499959804,free sweep (15% of recording),0.013032115064561367,loiacono,568.7019836185974,244.2031751607665
B4,493.8833012561241,4,1.0193047839857172,free sweep (15% of recording),0.013032115064561367,librosa,588.0,301.9751575740457
B4,493.8833012561241,5,1.2724901199981105,free sweep (19% of recording),0.01302629616111517,loiacono,493.060986100654,-2.884905143849871
B4,493.8833012561241,5,1.2761981050134636,free sweep (19% of recording),0.01302629616111517,librosa,588.0,301.9751575740457
B4,493.8833012561241,6,1.516212132992223,free sweep (23% of recording),0.013101184740662575,loiacono,498.7891341349818,17.111816067680373
B4,493.8833012561241,6,1.5198977770050988,free sweep (23% of recording),0.013101184740662575,librosa,501.0138681949055,24.816417279164543
B4,493.8833012561241,7,1.765052689006552,free sweep (27% of recording),0.013061458244919777,loiacono,489.6574207065135,-14.876930159555933
B4,493.8833012561241,7,1.7688444509985857,free sweep (27% of recording),0.013061458244919777,librosa,504.6117985459873,37.20449827995977
B4,493.8833012561241,8,2.0159760509850457,free sweep (31% of recording),0.01303643174469471,loiacono,493.9253481820018,0.14738293661102875
B4,493.8833012561241,8,2.0197079709905665,free sweep (31% of recording),0.01303643174469471,librosa,512.0901013920981,62.67297829047453
B4,493.8833012561241,9,2.2650191149732564,free sweep (35% of recording),0.013039442710578442,loiacono,490.07766420524445,-13.391753381209845
B4,493.8833012561241,9,2.2677878589893226,free sweep (35% of recording),0.013039442710578442,librosa,517.9194539640096,82.26907107434428
B4,493.8833012561241,10,2.5118203449819703,free sweep (40% of recording),0.013127844780683517,loiacono,489.2921757837769,-16.168772922651833
B4,493.8833012561241,10,2.5145304790057708,free sweep (40% of recording),0.013127844780683517,librosa,499.1960262838603,18.523511570593556
B4,493.8833012561241,11,2.7661702549958136,free sweep (44% of recording),0.013160918839275837,loiacono,492.90274603618036,-3.440606293833775
B4,493.8833012561241,11,2.768903752003098,free sweep (44% of recording),0.013160918839275837,librosa,497.3736009365681,12.191694417205275
B4,493.8833012561241,12,3.0166351470106747,free sweep (48% of recording),0.013115833513438702,loiacono,490.42812548197037,-12.154166561495906
B4,493.8833012561241,12,3.0201304229849484,free sweep (48% of recording),0.013115833513438702,librosa,499.1639066207756,18.41211556487838
B4,493.8833012561241,13,3.2656298110086937,free sweep (52% of recording),0.013093376532196999,loiacono,488.5944485823999,-18.639262369725287
B4,493.8833012561241,13,3.269297972001368,free sweep (52% of recording),0.013093376532196999,librosa,515.8927821640987,75.48128582980465
B4,493.8833012561241,14,3.5227587739937007,free sweep (56% of recording),0.013084877282381058,loiacono,491.62078914417083,-7.9491194900791
B4,493.8833012561241,14,3.5255421749898233,free sweep (56% of recording),0.013084877282381058,librosa,507.246920520972,46.221613246502315
B4,493.8833012561241,15,3.761570776987355,free sweep (60% of recording),0.013079768978059292,loiacono,490.3535154937748,-12.417563319382285
B4,493.8833012561241,15,3.7645042089861818,free sweep (60% of recording),0.013079768978059292,librosa,514.3930580898738,70.4411792615722
B4,493.8833012561241,16,4.016014431981603,free sweep (65% of recording),0.013071521185338497,loiacono,488.14165117903786,-20.244400827034678
B4,493.8833012561241,16,4.018943626986584,free sweep (65% of recording),0.013071521185338497,librosa,513.502076060922,67.43990265134806
B4,493.8833012561241,17,4.261610461020609,free sweep (69% of recording),0.013053292408585548,loiacono,489.52722025966943,-15.337328410668718
B4,493.8833012561241,17,4.264810273016337,free sweep (69% of recording),0.013053292408585548,librosa,510.27088610799854,56.51176751451262
B4,493.8833012561241,18,4.51562478102278,free sweep (73% of recording),0.013056590221822262,loiacono,487.41338092612153,-22.829199124394368
B4,493.8833012561241,18,4.51856740101357,free sweep (73% of recording),0.013056590221822262,librosa,513.1626432086708,66.29515165022623
B4,493.8833012561241,19,4.773415184987243,free sweep (77% of recording),0.01305332686752081,loiacono,493.6143004152131,-0.943199103964864
B4,493.8833012561241,19,4.776174730999628,free sweep (77% of recording),0.01305332686752081,librosa,498.74534102546795,16.95980904588512
B4,493.8833012561241,20,5.012041790003423,free sweep (81% of recording),0.013065355829894543,loiacono,482.37134142552503,-40.83119257914684
B4,493.8833012561241,20,5.014949455013266,free sweep (81% of recording),0.013065355829894543,librosa,500.2321251917633,22.113024928819808
B4,493.8833012561241,21,5.2659192029968835,free sweep (85% of recording),0.013033624738454819,loiacono,578.9091089468006,275.0000000000001
B4,493.8833012561241,21,5.269393310009036,free sweep (85% of recording),0.013033624738454819,librosa,588.0,301.9751575740457
B4,493.8833012561241,22,5.523929229006171,free sweep (90% of recording),0.013028103858232498,loiacono,506.7200453328334,44.42245335643695
B4,493.8833012561241,22,5.527609723008936,free sweep (90% of recording),0.013028103858232498,librosa,588.0,301.9751575740457
B4,493.8833012561241,23,5.771885385998758,free sweep (94% of recording),0.013124027289450169,loiacono,489.5065254789984,-15.410517938806898
B4,493.8833012561241,23,5.774650973995449,free sweep (94% of recording),0.013124027289450169,librosa,494.6598437733069,2.719915927964257
B4,493.8833012561241,24,6.012765096995281,free sweep (98% of recording),0.013256033882498741,loiacono,498.1502399008431,14.892873507841278
B4,493.8833012561241,24,6.015676768991398,free sweep (98% of recording),0.013256033882498741,librosa,497.2685810579548,11.826107689332249
C5,523.2511306011972,1,0.26196105900453404,free sweep ( 2% of recording),0.012736840173602104,loiacono,493.5595593131035,-101.13520106799336
C5,523.2511306011972,1,0.26415026499307714,free sweep ( 2% of recording),0.012736840173602104,librosa,495.43278693068964,-94.57701217269111
C5,523.2511306011972,2,0.5163334209937602,free sweep ( 6% of recording),0.012143720872700214,loiacono,493.46653424323,-101.46153118208056
C5,523.2511306011972,2,0.5180516940017696,free sweep ( 6% of recording),0.012143720872700214,librosa,494.40803764487083,-98.16159152146459
C5,523.2511306011972,3,0.7623879299790133,free sweep (10% of recording),0.011971265077590942,loiacono,528.7168017818519,17.989980310651486
C5,523.2511306011972,3,0.7640897719829809,free sweep (10% of recording),0.011971265077590942,librosa,528.3893804638953,16.917537519787892
C5,523.2511306011972,4,1.0169068459945265,free sweep (15% of recording),0.012106712907552719,loiacono,530.542597060549,23.95807856282056
C5,523.2511306011972,4,1.0189826000132598,free sweep (15% of recording),0.012106712907552719,librosa,528.740040292257,18.066070981908613
C5,523.2511306011972,5,1.2623112949950155,free sweep (19% of recording),0.011999915353953838,loiacono,525.7600678730892,8.281257474809133
C5,523.2511306011972,5,1.2639971979951952,free sweep (19% of recording),0.011999915353953838,librosa,532.5606091743891,30.530639831786363
C5,523.2511306011972,6,1.517299181985436,free sweep (23% of recording),0.012067779898643494,loiacono,519.0215708091439,-14.050829708372389
C5,523.2511306011972,6,1.5192793069873005,free sweep (23% of recording),0.012067779898643494,librosa,529.0817782981053,19.184649709950374
C5,523.2511306011972,7,1.7632882480102126,free sweep (27% of recording),0.01203535869717598,loiacono,527.978910951981,15.572137744598427
C5,523.2511306011972,7,1.7655324880033731,free sweep (27% of recording),0.01203535869717598,librosa,528.9510017268934,18.756676478251627
C5,523.2511306011972,8,2.015936606010655,free sweep (31% of recording),0.011938214302062988,loiacono,525.3020964008211,6.772581996960437
C5,523.2511306011972,8,2.017850967007689,free sweep (31% of recording),0.011938214302062988,librosa,545.030059182697,70.59873001988551
C5,523.2511306011972,9,2.2617753309896216,free sweep (35% of recording),0.01191235613077879,loiacono,440.0,-299.9999999999999
C5,523.2511306011972,9,2.2635103759821504,free sweep (35% of recording),0.01191235613077879,librosa,613.7715950269775,276.2380278691491
C5,523.2511306011972,10,2.5174049210036173,free sweep (40% of recording),0.01191745512187481,loiacono,508.5006921338641,-49.50454317011622
C5,523.2511306011972,10,2.5194880579947494,free sweep (40% of recording),0.01191745512187481,librosa,630.0,321.4179658351431
C5,523.2511306011972,11,2.7620481220074,free sweep (44% of recording),0.011920279823243618,loiacono,482.3830189933203,-140.78928221562217
C5,523.2511306011972,11,2.7637199879973195,free sweep (44% of recording),0.011920279823243618,librosa,630.0,321.4179658351431
C5,523.2511306011972,12,3.0176098050142173,free sweep (48% of recording),0.011992027051746845,loiacono,531.9175892771402,28.439064678121635
C5,523.2511306011972,12,3.0196106779912952,free sweep (48% of recording),0.011992027051746845,librosa,532.8933140298636,31.611850347350696
C5,523.2511306011972,13,3.2618202139856294,free sweep (52% of recording),0.012098491191864014,loiacono,527.7375587633503,14.780567003703823
C5,523.2511306011972,13,3.264250832988182,free sweep (52% of recording),0.012098491191864014,librosa,531.9364468974206,28.500439553258907
C5,523.2511306011972,14,3.5169177469797432,free sweep (56% of recording),0.012072022072970867,loiacono,525.2503024329961,6.601876602718092
C5,523.2511306011972,14,3.5191487519769,free sweep (56% of recording),0.012072022072970867,librosa,536.9870923973784,44.86066403872224
C5,523.2511306011972,15,3.774240633007139,free sweep (60% of recording),0.011960235424339771,loiacono,538.8788454692024,50.94891461046635
C5,523.2511306011972,15,3.7763151550025214,free sweep (60% of recording),0.011960235424339771,librosa,533.8101733827539,34.58793234117608
C5,523.2511306011972,16,4.011908751010196,free sweep (65% of recording),0.011353212408721447,loiacono,545.9452726960444,73.5033771220835
C5,523.2511306011972,16,4.013994494016515,free sweep (65% of recording),0.011353212408721447,librosa,534.0363240247178,35.32122068999829
C5,523.2511306011972,17,4.267225112998858,free sweep (69% of recording),0.01114617008715868,loiacono,531.4425143326644,26.892145677371374
C5,523.2511306011972,17,4.26886332599679,free sweep (69% of recording),0.01114617008715868,librosa,535.8070653598472,41.052097790802584
C5,523.2511306011972,18,4.512580251001054,free sweep (73% of recording),0.011019141413271427,loiacono,540.3381175110147,55.630722017061224
C5,523.2511306011972,18,4.514640635985415,free sweep (73% of recording),0.011019141413271427,librosa,536.8675109027827,44.47509311449853
C5,523.2511306011972,19,4.76765083198552,free sweep (77% of recording),0.01103910245001316,loiacono,530.9420697636732,25.261122873463812
C5,523.2511306011972,19,4.769261884008301,free sweep (77% of recording),0.01103910245001316,librosa,536.1853939780676,42.27407544015487
C5,523.2511306011972,20,5.0173582220159005,free sweep (81% of recording),0.010876369662582874,loiacono,528.8462111111924,18.413667288368877
C5,523.2511306011972,20,5.01912417501444,free sweep (81% of recording),0.010876369662582874,librosa,534.0332233068385,35.31116878208159
C5,523.2511306011972,21,5.267566092981724,free sweep (85% of recording),0.010620879009366035,loiacono,535.7008708616588,40.708941150567796
C5,523.2511306011972,21,5.269172526983311,free sweep (85% of recording),0.010620879009366035,librosa,531.7452601660812,27.8780936383276
C5,523.2511306011972,22,5.517222819005838,free sweep (90% of recording),0.010634396225214005,loiacono,517.1010490607862,-20.468750496393415
C5,523.2511306011972,22,5.518875048001064,free sweep (90% of recording),0.010634396225214005,librosa,530.0789171067045,22.44436501961237
C5,523.2511306011972,23,5.767681961006019,free sweep (94% of recording),0.010516959242522717,loiacono,525.9513685563364,8.911061903339876
C5,523.2511306011972,23,5.769755089015234,free sweep (94% of recording),0.010516959242522717,librosa,537.0862819657175,45.18041939735545
C5,523.2511306011972,24,6.01736781100044,free sweep (98% of recording),0.011012108996510506,loiacono,536.3227212413103,42.71742058956004
C5,523.2511306011972,24,6.01903791501536,free sweep (98% of recording),0.011012108996510506,librosa,534.7528753373288,37.642573145466315
D5,587.3295358348151,1,0.2729849879979156,free sweep ( 2% of recording),0.010018299333751202,loiacono,531.1880928054816,-173.93685965361064
D5,587.3295358348151,1,0.27664513399940915,free sweep ( 2% of recording),0.010018299333751202,librosa,531.2657008781916,-173.68393997089896
D5,587.3295358348151,2,0.5224100789928343,free sweep ( 6% of recording),0.01137633714824915,loiacono,596.9255434076363,28.056959930172955
D5,587.3295358348151,2,0.5260554869892076,free sweep ( 6% of recording),0.01137633714824915,librosa,593.8520957257633,19.120162806128903
D5,587.3295358348151,3,0.7739285980060231,free sweep (10% of recording),0.011859461665153503,loiacono,595.7996938297324,24.788630156590095
D5,587.3295358348151,3,0.7782016139826737,free sweep (10% of recording),0.011859461665153503,librosa,593.7170447346862,18.72640910008331
D5,587.3295358348151,4,1.022040066018235,free sweep (15% of recording),0.01088704727590084,loiacono,585.5492104098038,-5.255722079071953
D5,587.3295358348151,4,1.0250089550099801,free sweep (15% of recording),0.01088704727590084,librosa,588.3083192932095,2.882696629678063
D5,587.3295358348151,5,1.262392949021887,free sweep (19% of recording),0.010512903332710266,loiacono,596.1021036530245,25.66712903157369
D5,587.3295358348151,5,1.2653557870071381,free sweep (19% of recording),0.010512903332710266,librosa,609.160794508565,63.18348332884706
D5,587.3295358348151,6,1.5153172950085718,free sweep (23% of recording),0.010863417759537697,loiacono,588.1146035673021,2.3125491817752724
D5,587.3295358348151,6,1.5179898580245208,free sweep (23% of recording),0.010863417759537697,librosa,593.5552144056351,18.25445976343669
D5,587.3295358348151,7,1.762280297029065,free sweep (27% of recording),0.01058666780591011,loiacono,493.8833012561241,-300.00000000000006
D5,587.3295358348151,7,1.765060612000525,free sweep (27% of recording),0.01058666780591011,librosa,700.0,303.8216779692031
D5,587.3295358348151,8,2.0169763659941964,free sweep (31% of recording),0.01057139690965414,loiacono,688.4428312994207,275.0000000000001
D5,587.3295358348151,8,2.01961183999083,free sweep (31% of recording),0.01057139690965414,librosa,700.0,303.8216779692031
D5,587.3295358348151,9,2.2732623680203687,free sweep (35% of recording),0.010606787167489529,loiacono,597.1405173227516,28.680326053320844
D5,587.3295358348151,9,2.2762196250259876,free sweep (35% of recording),0.010606787167489529,librosa,700.0,303.8216779692031
D5,587.3295358348151,10,2.5165946210036054,free sweep (40% of recording),0.011061787605285645,loiacono,597.2790023744869,29.081776354444482
D5,587.3295358348151,10,2.519390775996726,free sweep (40% of recording),0.011061787605285645,librosa,600.5457737284621,38.52482667903879
D5,587.3295358348151,11,2.7652943109860644,free sweep (44% of recording),0.010761436074972153,loiacono,606.6089629318958,55.915949038492144
D5,587.3295358348151,11,2.7688122800027486,free sweep (44% of recording),0.010761436074972153,librosa,603.4867789284815,46.982369551500604
D5,587.3295358348151,12,3.023411647998728,free sweep (48% of recording),0.009497398510575294,loiacono,598.5147368962508,32.65989584274118
D5,587.3295358348151,12,3.026944015000481,free sweep (48% of recording),0.009497398510575294,librosa,605.4222698580452,52.52586459818564
D5,587.3295358348151,13,3.27255167500698,free sweep (52% of recording),0.00977164227515459,loiacono,598.6037529536667,32.91736013070049
D5,587.3295358348151,13,3.2768638739944436,free sweep (52% of recording),0.00977164227515459,librosa,601.7198463271584,41.906101284518485
D5,587.3295358348151,14,3.5172062979836483,free sweep (56% of recording),0.010282658971846104,loiacono,597.3514569445391,29.291775719286083
D5,587.3295358348151,14,3.5207577499968465,free sweep (56% of recording),0.010282658971846104,librosa,600.6373758439863,38.78887417541937
D5,587.3295358348151,15,3.7642994550114963,free sweep (60% of recording),0.010705451481044292,loiacono,598.7819035431112,33.43251640789459
D5,587.3295358348151,15,3.7671322190144565,free sweep (60% of recording),0.010705451481044292,librosa,602.497575072348,44.142293267602426
D5,587.3295358348151,16,4.017833234014688,free sweep (65% of recording),0.0102321682497859,loiacono,598.7797374713215,33.42625372026888
D5,587.3295358348151,16,4.021267275995342,free sweep (65% of recording),0.0102321682497859,librosa,600.9327404206095,39.64000257036858
D5,587.3295358348151,17,4.265001080988441,free sweep (69% of recording),0.009800826199352741,loiacono,593.7170801347046,18.7265123238595
D5,587.3295358348151,17,4.267778240988264,free sweep (69% of recording),0.009800826199352741,librosa,595.3128237377136,23.373337956590287
D5,587.3295358348151,18,4.511645646998659,free sweep (73% of recording),0.010350903496146202,loiacono,593.416378262479,17.84946631480904
D5,587.3295358348151,18,4.514510289998725,free sweep (73% of recording),0.010350903496146202,librosa,594.5255701619458,21.082404328137745
D5,587.3295358348151,19,4.764987465983722,free sweep (77% of recording),0.010886785574257374,loiacono,588.0931389857732,2.249362700252346
D5,587.3295358348151,19,4.768542063975474,free sweep (77% of recording),0.010886785574257374,librosa,590.6193180088947,9.67002549017355
D5,587.3295358348151,20,5.017851778975455,free sweep (81% of recording),0.012027191929519176,loiacono,602.2316678772933,43.37805914588522
D5,587.3295358348151,20,5.021403410995845,free sweep (81% of recording),0.012027191929519176,librosa,593.8923569482677,19.23753081256556
D5,587.3295358348151,21,5.263257761020213,free sweep (85% of recording),0.011311649344861507,loiacono,600.1996719877817,37.52680809543559
D5,587.3295358348151,21,5.266171777009731,free sweep (85% of recording),0.011311649344861507,librosa,594.1644763540622,20.030594537727882
D5,587.3295358348151,22,5.525101348001044,free sweep (90% of recording),0.011421816423535347,loiacono,587.3897466584476,0.17747053213410396
D5,587.3295358348151,22,5.528641077980865,free sweep (90% of recording),0.011421816423535347,librosa,591.5134725327949,12.289005463497606
D5,587.3295358348151,23,5.772209843999008,free sweep (94% of recording),0.010712170042097569,loiacono,593.433042024382,17.898080522307648
D5,587.3295358348151,23,5.7756078179809265,free sweep (94% of recording),0.010712170042097569,librosa,589.4022351104305,6.098809191706398
D5,587.3295358348151,24,6.0136141090188175,free sweep (98% of recording),0.010828548111021519,loiacono,591.8260379044272,13.203576170789564
D5,587.3295358348151,24,6.017494518018793,free sweep (98% of recording),0.010828548111021519,librosa,593.1173790207042,16.976945536052934
E5,659.2551138257398,1,0.26368526299484074,free sweep ( 2% of recording),0.010266256518661976,loiacono,730.7451059813005,178.2376857838829
E5,659.2551138257398,1,0.2669575210020412,free sweep ( 2% of recording),0.010266256518661976,librosa,787.5,307.7316796999778
E5,659.2551138257398,2,0.5128914439992514,free sweep ( 6% of recording),0.010279575362801552,loiacono,630.8740385285905,-76.18184912332772
E5,659.2551138257398,2,0.5159377990057692,free sweep ( 6% of recording),0.010279575362801552,librosa,787.5,307.7316796999778
E5,659.2551138257398,3,0.7678187370183878,free sweep (10% of recording),0.010283967480063438,loiacono,690.4888651174767,80.13755107675651
E5,659.2551138257398,3,0.7708069520012941,free sweep (10% of recording),0.010283967480063438,librosa,716.1447517814229,143.29724001348512
E5,659.2551138257398,4,1.0158829459978733,free sweep (15% of recording),0.010848749428987503,loiacono,676.7158006301021,45.25586079455368
E5,659.2551138257398,4,1.0186235669825692,free sweep (15% of recording),0.010848749428987503,librosa,679.2568718415085,51.74447850983142
E5,659.2551138257398,5,1.266687273979187,free sweep (19% of recording),0.011465172283351421,loiacono,673.1325422253915,36.064497096465566
E5,659.2551138257398,5,1.2698368719720747,free sweep (19% of recording),0.011465172283351421,librosa,676.9047869989727,45.73927489406497
E5,659.2551138257398,6,1.5151803769986145,free sweep (23% of recording),0.014270293526351452,loiacono,682.1516178460038,59.1066926238667
E5,659.2551138257398,6,1.5183891060005408,free sweep (23% of recording),0.014270293526351452,librosa,681.8791764792975,58.41512498675717
E5,659.2551138257398,7,1.7732669170072768,free sweep (27% of recording),0.014005646109580994,loiacono,694.5635908997939,90.32391526239422
E5,659.2551138257398,7,1.7763791650068015,free sweep (27% of recording),0.014005646109580994,librosa,686.9498700226686,71.24155863425872
E5,659.2551138257398,8,2.017601439001737,free sweep (31% of recording),0.012223804369568825,loiacono,681.1566427166739,56.57969975287559
E5,659.2551138257398,8,2.0217170089890715,free sweep (31% of recording),0.012223804369568825,librosa,684.4226284616773,64.86072250344785
E5,659.2551138257398,9,2.263866343011614,free sweep (35% of recording),0.011580209247767925,loiacono,671.4203415472186,31.655266710720507
E5,659.2551138257398,9,2.2667366670211777,free sweep (35% of recording),0.011580209247767925,librosa,677.2485066269466,46.61814014345929
E5,659.2551138257398,10,2.517429486004403,free sweep (40% of recording),0.010884997434914112,loiacono,659.1752353158544,-0.20977732553208092
E5,659.2551138257398,10,2.5219164330046624,free sweep (40% of recording),0.010884997434914112,librosa,671.1410455002692,30.934961720738556
E5,659.2551138257398,11,2.763658782991115,free sweep (44% of recording),0.01048288494348526,loiacono,678.7564478379194,50.46856891359481
E5,659.2551138257398,11,2.767901751998579,free sweep (44% of recording),0.01048288494348526,librosa,670.2672616133179,28.67953416367038
E5,659.2551138257398,12,3.0238957869878504,free sweep (48% of recording),0.010114230215549469,loiacono,653.9175608704444,-14.07370787057937
E5,659.2551138257398,12,3.027822152012959,free sweep (48% of recording),0.010114230215549469,librosa,668.0911467180752,23.0497006334943
E5,659.2551138257398,13,3.2729790069861338,free sweep (52% of recording),0.010599779896438122,loiacono,669.2017450658177,25.92522046657346
E5,659.2551138257398,13,3.2760780199896544,free sweep (52% of recording),0.010599779896438122,librosa,670.1522428015224,28.382426455081195
E5,659.2551138257398,14,3.522791494993726,free sweep (56% of recording),0.010412716306746006,loiacono,660.3066661419234,2.759224444281437
E5,659.2551138257398,14,3.5265205999894533,free sweep (56% of recording),0.010412716306746006,librosa,668.5022106118785,24.11456875935849
E5,659.2551138257398,15,3.772192300995812,free sweep (60% of recording),0.010360541753470898,loiacono,668.3240816352645,23.6532029812421
E5,659.2551138257398,15,3.774869282002328,free sweep (60% of recording),0.010360541753470898,librosa,678.4090368926747,49.582236808439276
E5,659.2551138257398,16,4.013969687017379,free sweep (65% of recording),0.0103862714022398,loiacono,673.8833113967404,37.99432930077482
E5,659.2551138257398,16,4.017514286009828,free sweep (65% of recording),0.0103862714022398,librosa,674.7536006561904,40.228695858846486
E5,659.2551138257398,17,4.26401685498422,free sweep (69% of recording),0.009667727164924145,loiacono,735.8879757328544,190.37916524178476
E5,659.2551138257398,17,4.267841488996055,free sweep (69% of recording),0.009667727164924145,librosa,706.325230769755,119.39493012763889
E5,659.2551138257398,18,4.51771357000689,free sweep (73% of recording),0.009664341807365417,loiacono,783.9908719634985,299.99999999999994
E5,659.2551138257398,18,4.5218653779884335,free sweep (73% of recording),0.009664341807365417,librosa,787.5,307.7316796999778
E5,659.2551138257398,19,4.762688193004578,free sweep (77% of recording),0.010196506045758724,loiacono,677.5214746755378,47.31578120865168
E5,659.2551138257398,19,4.766150977986399,free sweep (77% of recording),0.010196506045758724,librosa,675.4510762320211,42.01730405039571
E5,659.2551138257398,20,5.022805010987213,free sweep (81% of recording),0.01102366205304861,loiacono,675.3999324524472,41.886213571772025
E5,659.2551138257398,20,5.0261043699865695,free sweep (81% of recording),0.01102366205304861,librosa,673.1931462996646,36.220358100766255
E5,659.2551138257398,21,5.270638627000153,free sweep (85% of recording),0.010548337362706661,loiacono,672.8716063290374,35.39326422614153
E5,659.2551138257398,21,5.273749601998134,free sweep (85% of recording),0.010548337362706661,librosa,671.0491396343773,30.697870783325822
E5,659.2551138257398,22,5.511499493004521,free sweep (90% of recording),0.010171056725084782,loiacono,677.0289339277342,46.05676073172337
E5,659.2551138257398,22,5.515013905998785,free sweep (90% of recording),0.010171056725084782,librosa,670.2499978151518,28.63494290608963
E5,659.2551138257398,23,5.7628063750162255,free sweep (94% of recording),0.009923656471073627,loiacono,672.5151962627436,34.47601239128883
E5,659.2551138257398,23,5.766724515007809,free sweep (94% of recording),0.009923656471073627,librosa,669.3305059664287,26.25829463171553
E5,659.2551138257398,24,6.013479196000844,free sweep (98% of recording),0.010280744172632694,loiacono,681.6507565510909,57.8350887861336
E5,659.2551138257398,24,6.017415890994016,free sweep (98% of recording),0.010280744172632694,librosa,669.6736821977481,27.14569796435668
F#5,739.9888454232688,1,0.26330158399650827,free sweep ( 2% of recording),0.009788993746042252,loiacono,671.956483858504,-166.96286059924955
F#5,739.9888454232688,1,0.26501019901479594,free sweep ( 2% of recording),0.009788993746042252,librosa,701.7534852925536,-91.84703973575067
F#5,739.9888454232688,2,0.5156761480029672,free sweep ( 6% of recording),0.010588704608380795,loiacono,753.2654092843404,30.785708489284755
F#5,739.9888454232688,2,0.5182067650021054,free sweep ( 6% of recording),0.010588704608380795,librosa,751.9543034029,27.76976111788458
F#5,739.9888454232688,3,0.7635702969855629,free sweep (10% of recording),0.010354943573474884,loiacono,754.8206188270782,34.35637039858482
F#5,739.9888454232688,3,0.7664919679809827,free sweep (10% of recording),0.010354943573474884,librosa,751.6625612613229,27.09794910612348
F#5,739.9888454232688,4,1.0148138699878473,free sweep (15% of recording),0.010368750430643559,loiacono,753.6444351474556,31.656606633542314
F#5,739.9888454232688,4,1.0170328230015002,free sweep (15% of recording),0.010368750430643559,librosa,751.5315587347425,26.79619694771999
F#5,739.9888454232688,5,1.2751805459847674,free sweep (19% of recording),0.010163332335650921,loiacono,755.78623249315,36.56965770517384
F#5,739.9888454232688,5,1.2773752629873343,free sweep (19% of recording),0.010163332335650921,librosa,754.9622160788219,34.68110317276185
F#5,739.9888454232688,6,1.5122451920178719,free sweep (23% of recording),0.010081112384796143,loiacono,738.44390524358,-3.6182288510733986
F#5,739.9888454232688,6,1.5147543380153365,free sweep (23% of recording),0.010081112384796143,librosa,747.8277764898592,18.24304117707234
F#5,739.9888454232688,7,1.7667223199969158,free sweep (27% of recording),0.009925341233611107,loiacono,756.1457103529672,37.39289624507358
F#5,739.9888454232688,7,1.7694591640029103,free sweep (27% of recording),0.009925341233611107,librosa,751.603747698727,26.96248403043076
F#5,739.9888454232688,8,2.0229946459876373,free sweep (31% of recording),0.009791026823222637,loiacono,693.3787754336828,-112.63181751843783
F#5,739.9888454232688,8,2.0252205609867815,free sweep (31% of recording),0.009791026823222637,librosa,829.782440475695,198.2755248562872
F#5,739.9888454232688,9,2.2630914990149904,free sweep (35% of recording),0.009785234928131104,loiacono,815.1905819987826,167.56063225135253
F#5,739.9888454232688,9,2.264882960007526,free sweep (35% of recording),0.009785234928131104,librosa,882.0,303.9301584394333
F#5,739.9888454232688,10,2.515639488992747,free sweep (40% of recording),0.00978047214448452,loiacono,822.551322323657,183.12260822361011
F#5,739.9888454232688,10,2.5180737350019626,free sweep (40% of recording),0.00978047214448452,librosa,882.0,303.9301584394333
F#5,739.9888454232688,11,2.7690835389948916,free sweep (44% of recording),0.01048243511468172,loiacono,763.7928183949084,54.81339750324175
F#5,739.9888454232688,11,2.7718358220008668,free sweep (44% of recording),0.01048243511468172,librosa,758.7692495150964,43.38922605571782
F#5,739.9888454232688,12,3.014582926989533,free sweep (48% of recording),0.00998950656503439,loiacono,749.1498270622211,21.300908649602427
F#5,739.9888454232688,12,3.01648466399638,free sweep (48% of recording),0.00998950656503439,librosa,759.1145403057412,44.1768742115432
F#5,739.9888454232688,13,3.2634734049788676,free sweep (52% of recording),0.009260265156626701,loiacono,744.6505334754506,10.871999921194838
F#5,739.9888454232688,13,3.265504034992773,free sweep (52% of recording),0.009260265156626701,librosa,752.5150414884083,29.060274499880293
F#5,739.9888454232688,14,3.514980542997364,free sweep (56% of recording),0.008962069638073444,loiacono,751.3859792198068,26.46080633908496
F#5,739.9888454232688,14,3.517084330000216,free sweep (56% of recording),0.008962069638073444,librosa,754.1990178387731,32.9300975647447
F#5,739.9888454232688,15,3.7689802249951754,free sweep (60% of recording),0.009102229960262775,loiacono,757.9868141908695,41.60307358589848
F#5,739.9888454232688,15,3.771239812980639,free sweep (60% of recording),0.009102229960262775,librosa,752.9487223250562,30.05771205985102
F#5,739.9888454232688,16,4.016390536999097,free sweep (65% of recording),0.00955748651176691,loiacono,754.6501298892636,33.96529789103213
F#5,739.9888454232688,16,4.0184244029805996,free sweep (65% of recording),0.00955748651176691,librosa,757.4378370055904,40.34876109185221
F#5,739.9888454232688,17,4.262579338013893,free sweep (69% of recording),0.010456237941980362,loiacono,760.6626842410883,47.703970653708545
F#5,739.9888454232688,17,4.264686962007545,free sweep (69% of recording),0.010456237941980362,librosa,764.8206080381073,57.14144809202978
F#5,739.9888454232688,18,4.515649296983611,free sweep (73% of recording),0.009234127588570118,loiacono,749.196855507247,21.409584760782263
F#5,739.9888454232688,18,4.5176280189771205,free sweep (73% of recording),0.009234127588570118,librosa,762.219338634969,51.2432258125847
F#5,739.9888454232688,19,4.7629439320007805,free sweep (77% of recording),0.009481126442551613,loiacono,752.3283394081362,28.630694911518802
F#5,739.9888454232688,19,4.765200845984509,free sweep (77% of recording),0.009481126442551613,librosa,751.4686990579758,26.651386842424444
F#5,739.9888454232688,20,5.0168026800092775,free sweep (81% of recording),0.00957387313246727,loiacono,755.1023667657772,35.00245849055453
F#5,739.9888454232688,20,5.018826927989721,free sweep (81% of recording),0.00957387313246727,librosa,761.9516762714101,50.635175669026516
F#5,739.9888454232688,21,5.267427562008379,free sweep (85% of recording),0.010726873762905598,loiacono,748.381251578406,19.523871521407063
F#5,739.9888454232688,21,5.269045257009566,free sweep (85% of recording),0.010726873762905598,librosa,767.8284112007022,63.93650406056986
F#5,739.9888454232688,22,5.51715903900913,free sweep (90% of recording),0.00922799576073885,loiacono,757.374119001276,40.20311822412165
F#5,739.9888454232688,22,5.519848583993735,free sweep (90% of recording),0.00922799576073885,librosa,752.1363308263498,28.18879447625666
F#5,739.9888454232688,23,5.767349185975036,free sweep (94% of recording),0.009266344830393791,loiacono,749.4055139245124,21.891682702567365
F#5,739.9888454232688,23,5.769920569000533,free sweep (94% of recording),0.009266344830393791,librosa,751.6958972315193,27.174727024717825
F#5,739.9888454232688,24,6.016527474013856,free sweep (98% of recording),0.009173733182251453,loiacono,742.6461900420617,6.20582989109954
F#5,739.9888454232688,24,6.018248642998515,free sweep (98% of recording),0.009173733182251453,librosa,751.3178056003004,26.303723495998145
G5,783.9908719634985,1,0.27023648301837966,free sweep ( 2% of recording),0.008185142651200294,loiacono,735.4132459110542,-110.7380342113781
G5,783.9908719634985,1,0.27190075401449576,free sweep ( 2% of recording),0.008185142651200294,librosa,766.0216228227345,-40.14208893972828
G5,783.9908719634985,2,0.5154929439886473,free sweep ( 6% of recording),0.007991276681423187,loiacono,850.608439491017,141.18997434541959
G5,783.9908719634985,2,0.5173189689812716,free sweep ( 6% of recording),0.007991276681423187,librosa,938.2978723404256,311.05096415593806
G5,783.9908719634985,3,0.7619726400007494,free sweep (10% of recording),0.007968542166054249,loiacono,720.0788029736565,-147.21846990360754
G5,783.9908719634985,3,0.7636305900232401,free sweep (10% of recording),0.007968542166054249,librosa,938.2978723404256,311.05096415593806
G5,783.9908719634985,4,1.0170202289882582,free sweep (15% of recording),0.008047617971897125,loiacono,743.531349232412,-91.73194285827647
G5,783.9908719634985,4,1.0190692429896444,free sweep (15% of recording),0.008047617971897125,librosa,750.4895979620885,-75.60573760390241
G5,783.9908719634985,5,1.2626012889959384,free sweep (19% of recording),0.008062354288995266,loiacono,714.3602964350889,-161.02194985707476
G5,783.9908719634985,5,1.2643439679814037,free sweep (19% of recording),0.008062354288995266,librosa,742.2227049878272,-94.78166707579582
G5,783.9908719634985,6,1.517232376994798,free sweep (23% of recording),0.00802429486066103,loiacono,659.2551138257398,-299.9999999999999
G5,783.9908719634985,6,1.5189389580045827,free sweep (23% of recording),0.00802429486066103,librosa,658.2089552238806,-302.74944238022397
G5,783.9908719634985,7,1.7623722199932672,free sweep (27% of recording),0.00804926548153162,loiacono,659.2551138257398,-299.9999999999999
G5,783.9908719634985,7,1.764453493990004,free sweep (27% of recording),0.00804926548153162,librosa,658.2089552238806,-302.74944238022397
G5,783.9908719634985,8,2.0166147190029733,free sweep (31% of recording),0.007986937649548054,loiacono,709.7378397636537,-172.26075746592846
G5,783.9908719634985,8,2.0187956700101495,free sweep (31% of recording),0.007986937649548054,librosa,938.2978723404256,311.05096415593806
G5,783.9908719634985,9,2.268624357995577,free sweep (35% of recording),0.007968527264893055,loiacono,854.2111623928507,148.50707210155832
G5,783.9908719634985,9,2.270707145013148,free sweep (35% of recording),0.007968527264893055,librosa,938.2978723404256,311.05096415593806
G5,783.9908719634985,10,2.5163280200213194,free sweep (40% of recording),0.00834838766604662,loiacono,854.0276495420579,148.13510572924963
G5,783.9908719634985,10,2.517844956018962,free sweep (40% of recording),0.00834838766604662,librosa,658.2089552238806,-302.74944238022397
G5,783.9908719634985,11,2.762516440998297,free sweep (44% of recording),0.0080673573538661,loiacono,659.2551138257398,-299.9999999999999
G5,783.9908719634985,11,2.764581082999939,free sweep (44% of recording),0.0080673573538661,librosa,658.2089552238806,-302.74944238022397
G5,783.9908719634985,12,3.016712301003281,free sweep (48% of recording),0.008018266409635544,loiacono,659.2551138257398,-299.9999999999999
G5,783.9908719634985,12,3.0183644400094636,free sweep (48% of recording),0.008018266409635544,librosa,676.0349933639527,-256.4867171063481
G5,783.9908719634985,13,3.263592730014352,free sweep (52% of recording),0.007991836406290531,loiacono,856.6050547592065,153.35200008123212
G5,783.9908719634985,13,3.2653586319938768,free sweep (52% of recording),0.007991836406290531,librosa,938.2978723404256,311.05096415593806
G5,783.9908719634985,14,3.517074010014767,free sweep (56% of recording),0.00799454003572464,loiacono,689.1763007389786,-223.15651894175187
G5,783.9908719634985,14,3.5186779689975083,free sweep (56% of recording),0.00799454003572464,librosa,938.2978723404256,311.05096415593806
G5,783.9908719634985,15,3.7671669740229845,free sweep (60% of recording),0.00799932423979044,loiacono,716.6207968788574,-155.55233378780073
G5,783.9908719634985,15,3.769320974999573,free sweep (60% of recording),0.00799932423979044,librosa,938.2978723404256,311.05096415593806
G5,783.9908719634985,16,4.016891917010071,free sweep (65% of recording),0.008000529371201992,loiacono,918.9609285361242,275.0000000000001
G5,783.9908719634985,16,4.018480817991076,free sweep (65% of recording),0.008000529371201992,librosa,938.2978723404256,311.05096415593806
G5,783.9908719634985,17,4.26237179900636,free sweep (69% of recording),0.008017392829060555,loiacono,783.7744048598897,-0.4780756764957791
G5,783.9908719634985,17,4.264193186012562,free sweep (69% of recording),0.008017392829060555,librosa,938.2978723404256,311.05096415593806
G5,783.9908719634985,18,4.51769108697772,free sweep (73% of recording),0.00897576380521059,loiacono,784.2319588942736,0.5322941337392804
G5,783.9908719634985,18,4.519604175991844,free sweep (73% of recording),0.00897576380521059,librosa,788.0480538861815,8.936098168089872
G5,783.9908719634985,19,4.7746497400221415,free sweep (77% of recording),0.009235820733010769,loiacono,774.964953221098,-20.046947066484293
G5,783.9908719634985,19,4.776354066998465,free sweep (77% of recording),0.009235820733010769,librosa,785.9407249723729,4.3003831019705965
G5,783.9908719634985,20,5.024632507993374,free sweep (81% of recording),0.009994649328291416,loiacono,783.2128368793901,-1.7189353649871413
G5,783.9908719634985,20,5.026941799995257,free sweep (81% of recording),0.009994649328291416,librosa,786.8406576882412,6.281579403996624
G5,783.9908719634985,21,5.262224512989633,free sweep (85% of recording),0.010490614920854568,loiacono,792.0749298209428,17.760069332285163
G5,783.9908719634985,21,5.264072709978791,free sweep (85% of recording),0.010490614920854568,librosa,786.5519512539896,5.646240948826391
G5,783.9908719634985,22,5.516944064991549,free sweep (90% of recording),0.009825064800679684,loiacono,697.4882871877331,-202.40144026960996
G5,783.9908719634985,22,5.519327415997395,free sweep (90% of recording),0.009825064800679684,librosa,938.2978723404256,311.05096415593806
G5,783.9908719634985,23,5.767254427977605,free sweep (94% of recording),0.009829099290072918,loiacono,800.4429791141025,35.95413184774692
G5,783.9908719634985,23,5.769210847996874,free sweep (94% of recording),0.009829099290072918,librosa,938.2978723404256,311.05096415593806
G5,783.9908719634985,24,6.017342764011119,free sweep (98% of recording),0.01012486033141613,loiacono,765.3113379878165,-41.74810070908164
G5,783.9908719634985,24,6.019030670024222,free sweep (98% of recording),0.01012486033141613,librosa,852.9878088388098,146.0259182056107
A5,880.0,1,0.27340106799965724,free sweep ( 2% of recording),0.011103685013949871,loiacono,791.5224254275298,-183.4479580160507
A5,880.0,1,0.27684826400945894,free sweep ( 2% of recording),0.011103685013949871,librosa,788.5964231517801,-189.8596283305932
A5,880.0,2,0.5230834929971024,free sweep ( 6% of recording),0.011223471723496914,loiacono,783.244539042562,-201.6488614961884
A5,880.0,2,0.525785531004658,free sweep ( 6% of recording),0.011223471723496914,librosa,784.6253248445923,-198.59954717743037
A5,880.0,3,0.763568813999882,free sweep (10% of recording),0.012048771604895592,loiacono,924.1713010102629,84.78811842105391
A5,880.0,3,0.7671901169815101,free sweep (10% of recording),0.012048771604895592,librosa,881.4735228485064,2.89645400781969
A5,880.0,4,1.0133951190218795,free sweep (15% of recording),0.016651876270771027,loiacono,925.8866033393334,87.99838620830936
A5,880.0,4,1.0164750670082867,free sweep (15% of recording),0.016651876270771027,librosa,889.6885779157209,18.956288430161496
A5,880.0,5,1.26784799201414,free sweep (19% of recording),0.016934571787714958,loiacono,872.622113321471,-14.575787878988091
A5,880.0,5,1.2709856269939337,free sweep (19% of recording),0.016934571787714958,librosa,893.1239082066193,25.628182615969227
A5,880.0,6,1.5151008680113591,free sweep (23% of recording),0.018629278987646103,loiacono,901.8569250889557,42.474062181985595
A5,880.0,6,1.518901467003161,free sweep (23% of recording),0.018629278987646103,librosa,891.0032047930055,21.51251657403618
A5,880.0,7,1.7728668260097038,free sweep (27% of recording),0.01804385706782341,loiacono,909.1811934903265,56.47718209694873
A5,880.0,7,1.77656729798764,free sweep (27% of recording),0.01804385706782341,librosa,885.9332910528411,11.633456595545622
A5,880.0,8,2.0176449099963065,free sweep (31% of recording),0.011730874888598919,loiacono,913.3830898340636,64.45986778447023
A5,880.0,8,2.020167462003883,free sweep (31% of recording),0.011730874888598919,librosa,892.0322945038592,23.510901177706486
A5,880.0,9,2.2651093340246007,free sweep (35% of recording),0.009198044426739216,loiacono,868.2290700177173,-23.31335529796529
A5,880.0,9,2.268055581022054,free sweep (35% of recording),0.009198044426739216,librosa,940.2298467249709,114.61194543052656
A5,880.0,10,2.5167901780223474,free sweep (40% of recording),0.009446891024708748,loiacono,880.6543216674829,1.2867761581574166
A5,880.0,10,2.5204394230095204,free sweep (40% of recording),0.009446891024708748,librosa,895.2903437595243,29.822522741308195
A5,880.0,11,2.764493910013698,free sweep (44% of recording),0.00932351779192686,loiacono,930.3533868815446,96.33035052880476
A5,880.0,11,2.767162686010124,free sweep (44% of recording),0.00932351779192686,librosa,735.0,-311.7111285611195
A5,880.0,12,3.0123460509930737,free sweep (48% of recording),0.009388294070959091,loiacono,1031.4987661609414,275.0000000000001
A5,880.0,12,3.01514039299218,free sweep (48% of recording),0.009388294070959091,librosa,735.0,-311.7111285611195
A5,880.0,13,3.26559368299786,free sweep (52% of recording),0.009410029277205467,loiacono,872.3421466822605,-15.131315340120006
A5,880.0,13,3.268945470015751,free sweep (52% of recording),0.009410029277205467,librosa,735.0,-311.7111285611195
A5,880.0,14,3.5233065409993287,free sweep (56% of recording),0.009404386393725872,loiacono,812.5854384624741,-137.98081446709213
A5,880.0,14,3.5268152130011003,free sweep (56% of recording),0.009404386393725872,librosa,735.0,-311.7111285611195
A5,880.0,15,3.7670567670138553,free sweep (60% of recording),0.00926314014941454,loiacono,920.6560087461952,78.19042660091038
A5,880.0,15,3.769905811001081,free sweep (60% of recording),0.00926314014941454,librosa,894.935668359442,29.136546632296824
A5,880.0,16,4.015492323000217,free sweep (65% of recording),0.009263354353606701,loiacono,822.6638062286071,-116.6406616817714
A5,880.0,16,4.018122106004739,free sweep (65% of recording),0.009263354353606701,librosa,889.2362480162823,18.07588142388417
A5,880.0,17,4.273716831026832,free sweep (69% of recording),0.009202810935676098,loiacono,739.9888454232688,-300.00000000000006
A5,880.0,17,4.276906664017588,free sweep (69% of recording),0.009202810935676098,librosa,900.6750577342104,40.20382307530606
A5,880.0,18,4.512297428998863,free sweep (73% of recording),0.009179295971989632,loiacono,970.2739961536495,169.0664213402428
A5,880.0,18,4.5155522449931595,free sweep (73% of recording),0.009179295971989632,librosa,1050.0,305.77667883459037
A5,880.0,19,4.764466678985627,free sweep (77% of recording),0.009178096428513527,loiacono,1031.4987661609414,275.0000000000001
A5,880.0,19,4.768026876990916,free sweep (77% of recording),0.009178096428513527,librosa,1050.0,305.77667883459037
A5,880.0,20,5.017184727010317,free sweep (81% of recording),0.009367870166897774,loiacono,873.4696762623018,-12.895085929766166
A5,880.0,20,5.020733384008054,free sweep (81% of recording),0.009367870166897774,librosa,896.2038814365421,31.588141236080215
A5,880.0,21,5.264437292993534,free sweep (85% of recording),0.009656396694481373,loiacono,869.2213503737114,-21.335894870746134
A5,880.0,21,5.267421671975171,free sweep (85% of recording),0.009656396694481373,librosa,905.4661086314824,49.388542468635386
A5,880.0,22,5.517049503017915,free sweep (90% of recording),0.009590200148522854,loiacono,868.6747677210906,-22.424869660659134
A5,880.0,22,5.519497565022903,free sweep (90% of recording),0.009590200148522854,librosa,908.5142907107283,55.20682095967493
A5,880.0,23,5.766434790974017,free sweep (94% of recording),0.009441429749131203,loiacono,873.7511219699004,-12.337344862734774
A5,880.0,23,5.770392364996951,free sweep (94% of recording),0.009441429749131203,librosa,896.5849872821575,32.32418264918597
A5,880.0,24,6.0221432379912585,free sweep (98% of recording),0.009416170418262482,loiacono,913.7699670489508,65.1930028819453
A5,880.0,24,6.024988605990075,free sweep (98% of recording),0.009416170418262482,librosa,735.0,-311.7111285611195
B5,987.7666025122483,1,0.26477483700728044,free sweep ( 2% of recording),0.009386011399328709,loiacono,1037.9332473934187,85.76588051523689
B5,987.7666025122483,1,0.2674497039988637,free sweep ( 2% of recording),0.009386011399328709,librosa,816.6666666666666,-329.30741642705965
B5,987.7666025122483,2,0.5121214089740533,free sweep ( 6% of recording),0.009587008506059647,loiacono,1029.5179923062685,71.67233739618092
B5,987.7666025122483,2,0.5147832419897895,free sweep ( 6% of recording),0.009587008506059647,librosa,816.6666666666666,-329.30741642705965
B5,987.7666025122483,3,0.7659977799921762,free sweep (10% of recording),0.009730164892971516,loiacono,1157.8182178936013,275.0000000000001
B5,987.7666025122483,3,0.7689104139863048,free sweep (10% of recording),0.009730164892971516,librosa,816.6666666666666,-329.30741642705965
B5,987.7666025122483,4,1.0113806900044437,free sweep (15% of recording),0.01047536265105009,loiacono,962.2975249819372,-45.224606699896206
B5,987.7666025122483,4,1.0148932489973959,free sweep (15% of recording),0.01047536265105009,librosa,998.2347910572312,18.250795130864883
B5,987.7666025122483,5,1.2659403230063617,free sweep (19% of recording),0.010662348009645939,loiacono,1040.3930913229826,89.8639545043314
B5,987.7666025122483,5,1.2695526989991777,free sweep (19% of recording),0.010662348009645939,librosa,816.6666666666666,-329.30741642705965
B5,987.7666025122483,6,1.52282942601596,free sweep (23% of recording),0.010285194963216782,loiacono,958.2317972074896,-52.554603478411195
B5,987.7666025122483,6,1.5256377040059306,free sweep (23% of recording),0.010285194963216782,librosa,816.6666666666666,-329.30741642705965
B5,987.7666025122483,7,1.7617371680098586,free sweep (27% of recording),0.010138396173715591,loiacono,1020.992129157375,57.27557876767857
B5,987.7666025122483,7,1.765059621015098,free sweep (27% of recording),0.010138396173715591,librosa,816.6666666666666,-329.30741642705965
B5,987.7666025122483,8,2.0154733970121015,free sweep (31% of recording),0.010086475871503353,loiacono,981.5104823669111,-10.999817882916572
B5,987.7666025122483,8,2.018424022011459,free sweep (31% of recording),0.010086475871503353,librosa,816.6666666666666,-329.30741642705965
B5,987.7666025122483,9,2.2732502949947957,free sweep (35% of recording),0.01007426530122757,loiacono,1034.177261330969,79.48967270352122
B5,987.7666025122483,9,2.27640776798944,free sweep (35% of recording),0.01007426530122757,librosa,816.6666666666666,-329.30741642705965
B5,987.7666025122483,10,2.5121475589985494,free sweep (40% of recording),0.010424588806927204,loiacono,968.6293825449262,-33.87050866987857
B5,987.7666025122483,10,2.516193528979784,free sweep (40% of recording),0.010424588806927204,librosa,816.6666666666666,-329.30741642705965
B5,987.7666025122483,11,2.764685598987853,free sweep (44% of recording),0.010067629627883434,loiacono,1017.3249407477508,51.04615707187182
B5,987.7666025122483,11,2.767929093010025,free sweep (44% of recording),0.010067629627883434,librosa,816.6666666666666,-329.30741642705965
B5,987.7666025122483,12,3.0225882430095226,free sweep (48% of recording),0.009905963204801083,loiacono,963.9600963066553,-42.23611671882454
B5,987.7666025122483,12,3.0255640360119287,free sweep (48% of recording),0.009905963204801083,librosa,816.6666666666666,-329.30741642705965
B5,987.7666025122483,13,3.2623573309974745,free sweep (52% of recording),0.009841854684054852,loiacono,864.0110378435319,-231.74453677175143
B5,987.7666025122483,13,3.2650614239973947,free sweep (52% of recording),0.009841854684054852,librosa,1191.8918918918919,325.213547414363
B5,987.7666025122483,14,3.5156034609826747,free sweep (56% of recording),0.009824777953326702,loiacono,1126.695838022593,227.82720438319635
B5,987.7666025122483,14,3.518195983982878,free sweep (56% of recording),0.009824777953326702,librosa,1191.8918918918919,325.213547414363
B5,987.7666025122483,15,3.7627696649869904,free sweep (60% of recording),0.009968983940780163,loiacono,1157.8182178936013,275.0000000000001
B5,987.7666025122483,15,3.7658058109809645,free sweep (60% of recording),0.009968983940780163,librosa,896.6366472565248,-167.5760689372317
B5,987.7666025122483,16,4.014792800007854,free sweep (65% of recording),0.010257660411298275,loiacono,1077.747717859393,150.9328944846166
B5,987.7666025122483,16,4.018280242016772,free sweep (65% of recording),0.010257660411298275,librosa,816.6666666666666,-329.30741642705965
B5,987.7666025122483,17,4.273005355003988,free sweep (69% of recording),0.010312654078006744,loiacono,1157.8182178936013,275.0000000000001
B5,987.7666025122483,17,4.276093066990143,free sweep (69% of recording),0.010312654078006744,librosa,816.6666666666666,-329.30741642705965
B5,987.7666025122483,18,4.512549883016618,free sweep (73% of recording),0.01057489961385727,loiacono,1135.515172913899,241.32586576677366
B5,987.7666025122483,18,4.515347842010669,free sweep (73% of recording),0.01057489961385727,librosa,816.6666666666666,-329.30741642705965
B5,987.7666025122483,19,4.764570392988389,free sweep (77% of recording),0.01000935584306717,loiacono,957.4320793686401,-54.00005416484877
B5,987.7666025122483,19,4.768120522989193,free sweep (77% of recording),0.01000935584306717,librosa,855.5057520893796,-248.8711626558436
B5,987.7666025122483,20,5.018883803975768,free sweep (81% of recording),0.010024606250226498,loiacono,951.5476151671943,-64.67320808258063
B5,987.7666025122483,20,5.0216167899779975,free sweep (81% of recording),0.010024606250226498,librosa,816.6666666666666,-329.30741642705965
B5,987.7666025122483,21,5.264351532998262,free sweep (85% of recording),0.010174483060836792,loiacono,1103.1730233349767,191.30038515740833
B5,987.7666025122483,21,5.267117862007581,free sweep (85% of recording),0.010174483060836792,librosa,816.6666666666666,-329.30741642705965
B5,987.7666025122483,22,5.511681302974466,free sweep (90% of recording),0.010159309953451157,loiacono,1126.7777929278927,227.9531283085148
B5,987.7666025122483,22,5.515237133979099,free sweep (90% of recording),0.010159309953451157,librosa,816.6666666666666,-329.30741642705965
B5,987.7666025122483,23,5.7645146180002484,free sweep (94% of recording),0.01015032734721899,loiacono,1036.9835735997456,84.18113484708974
B5,987.7666025122483,23,5.767572314012796,free sweep (94% of recording),0.01015032734721899,librosa,816.6666666666666,-329.30741642705965
B5,987.7666025122483,24,6.012472627975512,free sweep (98% of recording),0.010195111855864525,loiacono,1123.0069346104597,222.1496891201216
B5,987.7666025122483,24,6.016138073988259,free sweep (98% of recording),0.010195111855864525,librosa,816.6666666666666,-329.30741642705965
C6,1046.5022612023945,1,0.2615636629925575,free sweep ( 2% of recording),0.010354559868574142,loiacono,1108.0481382589385,98.93415673216178
C6,1046.5022612023945,1,0.2631820789829362,free sweep ( 2% of recording),0.010354559868574142,librosa,1260.0,321.4179658351431
C6,1046.5022612023945,2,0.5174427820020355,free sweep ( 6% of recording),0.010177421383559704,loiacono,1099.389114038783,85.35200445507056
C6,1046.5022612023945,2,0.5190225050027948,free sweep ( 6% of recording),0.010177421383559704,librosa,864.7058823529412,-330.35282419669164
C6,1046.5022612023945,3,0.762368283001706,free sweep (10% of recording),0.010121879167854786,loiacono,1052.855875107588,10.479037493008743
C6,1046.5022612023945,3,0.7640151520026848,free sweep (10% of recording),0.010121879167854786,librosa,864.7058823529412,-330.35282419669164
C6,1046.5022612023945,4,1.0172664709971286,free sweep (15% of recording),0.0100611113011837,loiacono,1061.7953427697469,25.116347758787605
C6,1046.5022612023945,4,1.0187973130086903,free sweep (15% of recording),0.0100611113011837,librosa,864.7058823529412,-330.35282419669164
C6,1046.5022612023945,5,1.2629291640187148,free sweep (19% of recording),0.00980535987764597,loiacono,1039.0750348203146,-12.330707267984232
C6,1046.5022612023945,5,1.264993496995885,free sweep (19% of recording),0.00980535987764597,librosa,1260.0,321.4179658351431
C6,1046.5022612023945,6,1.5172534750017803,free sweep (23% of recording),0.009806555695831776,loiacono,1209.6294586565741,250.7877010147472
C6,1046.5022612023945,6,1.518910765007604,free sweep (23% of recording),0.009806555695831776,librosa,1260.0,321.4179658351431
C6,1046.5022612023945,7,1.7622778629884124,free sweep (27% of recording),0.009913979098200798,loiacono,1052.7196268055566,10.254986918978792
C6,1046.5022612023945,7,1.7642996459908318,free sweep (27% of recording),0.009913979098200798,librosa,864.7058823529412,-330.35282419669164
C6,1046.5022612023945,8,2.016687703988282,free sweep (31% of recording),0.010024096816778183,loiacono,1113.027186393188,106.69608358412502
C6,1046.5022612023945,8,2.018323412979953,free sweep (31% of recording),0.010024096816778183,librosa,864.7058823529412,-330.35282419669164
C6,1046.5022612023945,9,2.263271565985633,free sweep (35% of recording),0.010031470097601414,loiacono,1108.352591117593,99.40977393582686
C6,1046.5022612023945,9,2.2649838279758114,free sweep (35% of recording),0.010031470097601414,librosa,972.3762117361711,-127.18670894458454
C6,1046.5022612023945,10,2.516997395985527,free sweep (40% of recording),0.010532831773161888,loiacono,1063.3972040746658,27.72617938299615
C6,1046.5022612023945,10,2.519138261995977,free sweep (40% of recording),0.010532831773161888,librosa,891.1420950500005,-278.21763837741304
C6,1046.5022612023945,11,2.767237366992049,free sweep (44% of recording),0.010415865108370781,loiacono,1044.1791200947355,-3.847456315132781
C6,1046.5022612023945,11,2.76938629700453,free sweep (44% of recording),0.010415865108370781,librosa,864.7058823529412,-330.35282419669164
C6,1046.5022612023945,12,3.0169021080073435,free sweep (48% of recording),0.010209351778030396,loiacono,1050.2901555348137,6.255019546959715
C6,1046.5022612023945,12,3.0189400400267914,free sweep (48% of recording),0.010209351778030396,librosa,864.7058823529412,-330.35282419669164
C6,1046.5022612023945,13,3.2745166509994306,free sweep (52% of recording),0.010242356918752193,loiacono,1055.9192362483552,15.508875727956681
C6,1046.5022612023945,13,3.27619002899155,free sweep (52% of recording),0.010242356918752193,librosa,864.7058823529412,-330.35282419669164
C6,1046.5022612023945,14,3.512502453988418,free sweep (56% of recording),0.010112153366208076,loiacono,1098.465425061009,83.89683817834909
C6,1046.5022612023945,14,3.514591893006582,free sweep (56% of recording),0.010112153366208076,librosa,1074.1493819242683,45.14305676629194
C6,1046.5022612023945,15,3.767081895028241,free sweep (60% of recording),0.010225596837699413,loiacono,1194.767140891308,229.38484403201426
C6,1046.5022612023945,15,3.7690275750064757,free sweep (60% of recording),0.010225596837699413,librosa,864.7058823529412,-330.35282419669164
C6,1046.5022612023945,16,4.017593403987121,free sweep (65% of recording),0.010193693451583385,loiacono,1216.8519193955397,261.09382327801495
C6,1046.5022612023945,16,4.019366338994587,free sweep (65% of recording),0.010193693451583385,librosa,864.7058823529412,-330.35282419669164
C6,1046.5022612023945,17,4.267175068991492,free sweep (69% of recording),0.010191862471401691,loiacono,1082.9635701218776,59.29114079127661
C6,1046.5022612023945,17,4.269217110006139,free sweep (69% of recording),0.010191862471401691,librosa,864.7058823529412,-330.35282419669164
C6,1046.5022612023945,18,4.524360929004615,free sweep (73% of recording),0.010206909850239754,loiacono,1028.2926939440465,-30.38934739320747
C6,1046.5022612023945,18,4.526479082007427,free sweep (73% of recording),0.010206909850239754,librosa,864.7058823529412,-330.35282419669164
C6,1046.5022612023945,19,4.762211288005346,free sweep (77% of recording),0.0102287158370018,loiacono,1196.3053594763412,231.61231037297816
C6,1046.5022612023945,19,4.76416123501258,free sweep (77% of recording),0.0102287158370018,librosa,864.7058823529412,-330.35282419669164
C6,1046.5022612023945,20,5.01634937999188,free sweep (81% of recording),0.010149763897061348,loiacono,1017.879441755692,-48.01047718344315
C6,1046.5022612023945,20,5.0182855729945,free sweep (81% of recording),0.010149763897061348,librosa,864.7058823529412,-330.35282419669164
C6,1046.5022612023945,21,5.2629253969935235,free sweep (85% of recording),0.01011452917009592,loiacono,1226.6656718351194,275.0000000000001
C6,1046.5022612023945,21,5.264950586017221,free sweep (85% of recording),0.01011452917009592,librosa,864.7058823529412,-330.35282419669164
C6,1046.5022612023945,22,5.5168699770001695,free sweep (90% of recording),0.010110825300216675,loiacono,1079.849176361042,54.305273885904846
C6,1046.5022612023945,22,5.519086533982772,free sweep (90% of recording),0.010110825300216675,librosa,864.7058823529412,-330.35282419669164
C6,1046.5022612023945,23,5.762306727003306,free sweep (94% of recording),0.010088613256812096,loiacono,1155.11667040968,170.95577623920053
C6,1046.5022612023945,23,5.764813679008512,free sweep (94% of recording),0.010088613256812096,librosa,1260.0,321.4179658351431
C6,1046.5022612023945,24,6.016523626982234,free sweep (98% of recording),0.01009175181388855,loiacono,1134.32167553104,139.50527368456122
C6,1046.5022612023945,24,6.018242981983349,free sweep (98% of recording),0.01009175181388855,librosa,1260.0,321.4179658351431
D6,1174.6590716696303,1,0.2674655439914204,free sweep ( 2% of recording),0.010315128602087498,loiacono,1204.472107001604,43.39066644222023
D6,1174.6590716696303,1,0.2709021210030187,free sweep ( 2% of recording),0.010315128602087498,librosa,980.0,-313.66612942650687
D6,1174.6590716696303,2,0.5228692310047336,free sweep ( 6% of recording),0.010051134042441845,loiacono,1172.607672182598,-3.0260331968506926
D6,1174.6590716696303,2,0.5260279760113917,free sweep ( 6% of recording),0.010051134042441845,librosa,980.0,-313.66612942650687
D6,1174.6590716696303,3,0.7613408339966554,free sweep (10% of recording),0.01023122575134039,loiacono,1200.1080012907587,37.10657828080762
D6,1174.6590716696303,3,0.7640604460029863,free sweep (10% of recording),0.01023122575134039,librosa,980.0,-313.66612942650687
D6,1174.6590716696303,4,1.0172946529928595,free sweep (15% of recording),0.010087837465107441,loiacono,1173.2310225917731,-2.1059652649270144
D6,1174.6590716696303,4,1.0206952919834293,free sweep (15% of recording),0.010087837465107441,librosa,980.0,-313.66612942650687
D6,1174.6590716696303,5,1.2719289759988897,free sweep (19% of recording),0.014781267382204533,loiacono,1198.0530234009464,34.1395977260788
D6,1174.6590716696303,5,1.2752379839948844,free sweep (19% of recording),0.014781267382204533,librosa,980.0,-313.66612942650687
D6,1174.6590716696303,6,1.511079885007348,free sweep (23% of recording),0.01498228870332241,loiacono,1271.671858657497,137.38122128030318
D6,1174.6590716696303,6,1.515037378994748,free sweep (23% of recording),0.01498228870332241,librosa,980.0,-313.66612942650687
D6,1174.6590716696303,7,1.7646125619939994,free sweep (27% of recording),0.015773994848132133,loiacono,1278.4910912773787,146.64001459721092
D6,1174.6590716696303,7,1.767719430004945,free sweep (27% of recording),0.015773994848132133,librosa,980.0,-313.66612942650687
D6,1174.6590716696303,8,2.0116555450076703,free sweep (31% of recording),0.010100970044732094,loiacono,1188.932455565722,20.909593132153045
D6,1174.6590716696303,8,2.0142387810046785,free sweep (31% of recording),0.010100970044732094,librosa,980.0,-313.66612942650687
D6,1174.6590716696303,9,2.2665976559801493,free sweep (35% of recording),0.009207508526742458,loiacono,1299.6197076921521,175.01691687801576
D6,1174.6590716696303,9,2.269387217995245,free sweep (35% of recording),0.009207508526742458,librosa,980.0,-313.66612942650687
D6,1174.6590716696303,10,2.523109369998565,free sweep (40% of recording),0.009379075840115547,loiacono,1206.730745700473,46.63405457883277
D6,1174.6590716696303,10,2.5264784999890253,free sweep (40% of recording),0.009379075840115547,librosa,980.0,-313.66612942650687
D6,1174.6590716696303,11,2.7672793439996894,free sweep (44% of recording),0.009476786479353905,loiacono,1189.0362471174699,21.060719989544292
D6,1174.6590716696303,11,2.769919686979847,free sweep (44% of recording),0.009476786479353905,librosa,980.0,-313.66612942650687
D6,1174.6590716696303,12,3.0158139059785753,free sweep (48% of recording),0.009317055344581604,loiacono,1165.1202001270835,-14.115956060085853
D6,1174.6590716696303,12,3.018668720993446,free sweep (48% of recording),0.009317055344581604,librosa,980.0,-313.66612942650687
D6,1174.6590716696303,13,3.261582176986849,free sweep (52% of recording),0.009302245453000069,loiacono,1199.0271442844705,35.54666900974542
D6,1174.6590716696303,13,3.2647569830005523,free sweep (52% of recording),0.009302245453000069,librosa,980.0,-313.66612942650687
D6,1174.6590716696303,14,3.515538840001682,free sweep (56% of recording),0.009376908652484417,loiacono,1224.1800425928093,71.4883897605486
D6,1174.6590716696303,14,3.5182434330054093,free sweep (56% of recording),0.009376908652484417,librosa,980.0,-313.66612942650687
D6,1174.6590716696303,15,3.761457372980658,free sweep (60% of recording),0.009394236840307713,loiacono,1191.1065523273696,24.07245842481666
D6,1174.6590716696303,15,3.76456717698602,free sweep (60% of recording),0.009394236840307713,librosa,980.0,-313.66612942650687
D6,1174.6590716696303,16,4.015856165002333,free sweep (65% of recording),0.009272908791899681,loiacono,1210.4596223836184,51.97543230793829
D6,1174.6590716696303,16,4.018766884983052,free sweep (65% of recording),0.009272908791899681,librosa,980.0,-313.66612942650687
D6,1174.6590716696303,17,4.267547717987327,free sweep (69% of recording),0.00932785402983427,loiacono,1195.4351384280385,30.35251117917996
D6,1174.6590716696303,17,4.270167151989881,free sweep (69% of recording),0.00932785402983427,librosa,980.0,-313.66612942650687
D6,1174.6590716696303,18,4.5152038510132115,free sweep (73% of recording),0.009230002760887146,loiacono,1165.732432972266,-13.206487690561959
D6,1174.6590716696303,18,4.517921910010045,free sweep (73% of recording),0.009230002760887146,librosa,980.0,-313.66612942650687
D6,1174.6590716696303,19,4.761822737986222,free sweep (77% of recording),0.009198371320962906,loiacono,1240.7627419496662,94.78220983796987
D6,1174.6590716696303,19,4.764612300990848,free sweep (77% of recording),0.009198371320962906,librosa,980.0,-313.66612942650687
D6,1174.6590716696303,20,5.016463524021674,free sweep (81% of recording),0.009275122545659542,loiacono,1187.7028175815942,19.11816021002904
D6,1174.6590716696303,20,5.019997373019578,free sweep (81% of recording),0.009275122545659542,librosa,980.0,-313.66612942650687
D6,1174.6590716696303,21,5.273307913012104,free sweep (85% of recording),0.009400012902915478,loiacono,1229.4620820359535,78.94217494516367
D6,1174.6590716696303,21,5.276891765999608,free sweep (85% of recording),0.009400012902915478,librosa,980.0,-313.66612942650687
D6,1174.6590716696303,22,5.5220156790164765,free sweep (90% of recording),0.009193277917802334,loiacono,1241.4754530216626,95.776368828347
D6,1174.6590716696303,22,5.524801365012536,free sweep (90% of recording),0.009193277917802334,librosa,980.0,-313.66612942650687
D6,1174.6590716696303,23,5.762509977997979,free sweep (94% of recording),0.009182045236229897,loiacono,1182.547890551336,11.58781817888019
D6,1174.6590716696303,23,5.766105552989757,free sweep (94% of recording),0.009182045236229897,librosa,980.0,-313.66612942650687
D6,1174.6590716696303,24,6.014939245011192,free sweep (98% of recording),0.00908737350255251,loiacono,1206.5331423990979,46.350540151753286
D6,1174.6590716696303,24,6.018148986011511,free sweep (98% of recording),0.00908737350255251,librosa,1422.5806451612902,331.52201370485244
E6,1318.5102276514797,1,0.2717459730047267,free sweep ( 2% of recording),0.009053245186805725,loiacono,1122.2436517925255,-279.0273921931026
E6,1318.5102276514797,1,0.2749544219987001,free sweep ( 2% of recording),0.009053245186805725,librosa,1575.0,307.7316796999778
E6,1318.5102276514797,2,0.5236591820139438,free sweep ( 6% of recording),0.009255058132112026,loiacono,1321.3190149511338,3.6840792323133926
E6,1318.5102276514797,2,0.5264803140016738,free sweep ( 6% of recording),0.009255058132112026,librosa,1102.5,-309.7561276957319
E6,1318.5102276514797,3,0.7631304419774096,free sweep (10% of recording),0.009390418417751789,loiacono,1322.4812357560559,5.206188445434022
E6,1318.5102276514797,3,0.7665881679859012,free sweep (10% of recording),0.009390418417751789,librosa,1102.5,-309.7561276957319
E6,1318.5102276514797,4,1.0139494980103336,free sweep (15% of recording),0.009380809031426907,loiacono,1359.787868281885,53.36740956365003
E6,1318.5102276514797,4,1.0173623400041834,free sweep (15% of recording),0.009380809031426907,librosa,1102.5,-309.7561276957319
E6,1318.5102276514797,5,1.262173707014881,free sweep (19% of recording),0.009212584234774113,loiacono,1329.2616917217247,14.059672467015247
E6,1318.5102276514797,5,1.2654625969880726,free sweep (19% of recording),0.009212584234774113,librosa,1102.5,-309.7561276957319
E6,1318.5102276514797,6,1.514846370992018,free sweep (23% of recording),0.009271780960261822,loiacono,1300.7334010816228,-23.500158339611893
E6,1318.5102276514797,6,1.51829418799025,free sweep (23% of recording),0.009271780960261822,librosa,1102.5,-309.7561276957319
E6,1318.5102276514797,7,1.7616930650256108,free sweep (27% of recording),0.00971304252743721,loiacono,1405.721762710738,110.88276598529183
E6,1318.5102276514797,7,1.7644086590153165,free sweep (27% of recording),0.00971304252743721,librosa,1102.5,-309.7561276957319
E6,1318.5102276514797,8,2.0150185329839587,free sweep (31% of recording),0.009537015110254288,loiacono,1336.0194566769292,22.838707176626848
E6,1318.5102276514797,8,2.017851337994216,free sweep (31% of recording),0.009537015110254288,librosa,1102.5,-309.7561276957319
E6,1318.5102276514797,9,2.2677884889999405,free sweep (35% of recording),0.00916463416069746,loiacono,1338.9525626191921,26.63530383274638
E6,1318.5102276514797,9,2.270418753992999,free sweep (35% of recording),0.00916463416069746,librosa,1102.5,-309.7561276957319
E6,1318.5102276514797,10,2.51546117401449,free sweep (40% of recording),0.009197698906064034,loiacono,1359.3027669637445,52.7496854486566
E6,1318.5102276514797,10,2.518775060016196,free sweep (40% of recording),0.009197698906064034,librosa,1102.5,-309.7561276957319
E6,1318.5102276514797,11,2.761710248014424,free sweep (44% of recording),0.009259553626179695,loiacono,1357.0930591399804,49.93306923237909
E6,1318.5102276514797,11,2.7645001909986604,free sweep (44% of recording),0.009259553626179695,librosa,1102.5,-309.7561276957319
E6,1318.5102276514797,12,3.015630191017408,free sweep (48% of recording),0.009242449887096882,loiacono,1354.6240865436491,46.78054972059506
E6,1318.5102276514797,12,3.0198792020091787,free sweep (48% of recording),0.009242449887096882,librosa,1102.5,-309.7561276957319
E6,1318.5102276514797,13,3.272086582001066,free sweep (52% of recording),0.00914083793759346,loiacono,1311.8978304275697,-8.704072585762392
E6,1318.5102276514797,13,3.275678629986942,free sweep (52% of recording),0.00914083793759346,librosa,1102.5,-309.7561276957319
E6,1318.5102276514797,14,3.5170976230001543,free sweep (56% of recording),0.009123016148805618,loiacono,1361.923194053439,56.08389882748109
E6,1318.5102276514797,14,3.5210529229952954,free sweep (56% of recording),0.009123016148805618,librosa,1102.5,-309.7561276957319
E6,1318.5102276514797,15,3.7641878349822946,free sweep (60% of recording),0.009132658131420612,loiacono,1373.159536719417,70.3085862423499
E6,1318.5102276514797,15,3.767822122987127,free sweep (60% of recording),0.009132658131420612,librosa,1102.5,-309.7561276957319
E6,1318.5102276514797,16,4.0229847070004325,free sweep (65% of recording),0.009159489534795284,loiacono,1334.0649250675922,20.30414137819715
E6,1318.5102276514797,16,4.026011264999397,free sweep (65% of recording),0.009159489534795284,librosa,1102.5,-309.7561276957319
E6,1318.5102276514797,17,4.262418797006831,free sweep (69% of recording),0.009226467460393906,loiacono,1365.5009372942018,60.62585062641538
E6,1318.5102276514797,17,4.265721833013231,free sweep (69% of recording),0.009226467460393906,librosa,1102.5,-309.7561276957319
E6,1318.5102276514797,18,4.51440726799774,free sweep (73% of recording),0.009153926745057106,loiacono,1303.5215231293928,-19.793229635084344
E6,1318.5102276514797,18,4.518189852999058,free sweep (73% of recording),0.009153926745057106,librosa,1102.5,-309.7561276957319
E6,1318.5102276514797,19,4.773066149995429,free sweep (77% of recording),0.009109974838793278,loiacono,1318.430821542258,-0.10426517503849342
E6,1318.5102276514797,19,4.776921161974315,free sweep (77% of recording),0.009109974838793278,librosa,1102.5,-309.7561276957319
E6,1318.5102276514797,20,5.011735123989638,free sweep (81% of recording),0.009072878398001194,loiacono,1328.247151720672,12.737828301849133
E6,1318.5102276514797,20,5.015775283012772,free sweep (81% of recording),0.009072878398001194,librosa,1102.5,-309.7561276957319
E6,1318.5102276514797,21,5.264010341983521,free sweep (85% of recording),0.009032257832586765,loiacono,1316.6203179821546,-2.483274717152367
E6,1318.5102276514797,21,5.267417803988792,free sweep (85% of recording),0.009032257832586765,librosa,1102.5,-309.7561276957319
E6,1318.5102276514797,22,5.523422127997037,free sweep (90% of recording),0.00903664156794548,loiacono,1567.981743926997,299.99999999999994
E6,1318.5102276514797,22,5.527531706989976,free sweep (90% of recording),0.00903664156794548,librosa,1102.5,-309.7561276957319
E6,1318.5102276514797,23,5.77470822999021,free sweep (94% of recording),0.009074871428310871,loiacono,1315.2968334874702,-4.22440977716668
E6,1318.5102276514797,23,5.777663923974615,free sweep (94% of recording),0.009074871428310871,librosa,1102.5,-309.7561276957319
E6,1318.5102276514797,24,6.021325063018594,free sweep (98% of recording),0.009115626104176044,loiacono,1298.620011507315,-26.31529904226847
E6,1318.5102276514797,24,6.025252220017137,free sweep (98% of recording),0.009115626104176044,librosa,1102.5,-309.7561276957319
F#6,1479.9776908465376,1,0.2631972870149184,free sweep ( 2% of recording),0.009016736410558224,loiacono,1475.9686963692966,-4.695966088569517
F#6,1479.9776908465376,1,0.2651258450059686,free sweep ( 2% of recording),0.009016736410558224,librosa,1764.0,303.9301584394333
F#6,1479.9776908465376,2,0.5145785380154848,free sweep ( 6% of recording),0.009019515477120876,loiacono,1438.1526978240995,-49.63027780699547
F#6,1479.9776908465376,2,0.5169259209942538,free sweep ( 6% of recording),0.009019515477120876,librosa,1764.0,303.9301584394333
F#6,1479.9776908465376,3,0.7746551199816167,free sweep (10% of recording),0.009022918529808521,loiacono,1633.6021341204473,170.97747262615493
F#6,1479.9776908465376,3,0.7770216499920934,free sweep (10% of recording),0.009022918529808521,librosa,1764.0,303.9301584394333
F#6,1479.9776908465376,4,1.0143227579828817,free sweep (15% of recording),0.009078417904675007,loiacono,1502.6414847747544,26.310490613464818
F#6,1479.9776908465376,4,1.0162918519927189,free sweep (15% of recording),0.009078417904675007,librosa,1225.0,-327.35241556167193
F#6,1479.9776908465376,5,1.264093338017119,free sweep (19% of recording),0.009202741086483002,loiacono,1560.530464175511,91.75331099952629
F#6,1479.9776908465376,5,1.2657985970145091,free sweep (19% of recording),0.009202741086483002,librosa,1225.0,-327.35241556167193
F#6,1479.9776908465376,6,1.515182109986199,free sweep (23% of recording),0.009128011763095856,loiacono,1543.7651592178229,73.05344957995685
F#6,1479.9776908465376,6,1.5172544980014209,free sweep (23% of recording),0.009128011763095856,librosa,1225.0,-327.35241556167193
F#6,1479.9776908465376,7,1.764901012997143,free sweep (27% of recording),0.009155504405498505,loiacono,1561.3067468970053,92.61429574407765
F#6,1479.9776908465376,7,1.7669523209915496,free sweep (27% of recording),0.009155504405498505,librosa,1225.0,-327.35241556167193
F#6,1479.9776908465376,8,2.01386450897553,free sweep (31% of recording),0.009082651697099209,loiacono,1523.578987640319,50.26664092265683
F#6,1479.9776908465376,8,2.016032164974604,free sweep (31% of recording),0.009082651697099209,librosa,1225.0,-327.35241556167193
F#6,1479.9776908465376,9,2.265522800007602,free sweep (35% of recording),0.009174449369311333,loiacono,1515.9979686752565,41.6308698521588
F#6,1479.9776908465376,9,2.2677594349952415,free sweep (35% of recording),0.009174449369311333,librosa,1225.0,-327.35241556167193
F#6,1479.9776908465376,10,2.5129558249900583,free sweep (40% of recording),0.009184502996504307,loiacono,1555.227764895783,85.86054157811259
F#6,1479.9776908465376,10,2.5151501710060984,free sweep (40% of recording),0.009184502996504307,librosa,1225.0,-327.35241556167193
F#6,1479.9776908465376,11,2.7659271779994015,free sweep (44% of recording),0.009282033890485764,loiacono,1518.645704866666,44.65188497208859
F#6,1479.9776908465376,11,2.7679679970024154,free sweep (44% of recording),0.009282033890485764,librosa,1225.0,-327.35241556167193
F#6,1479.9776908465376,12,3.012888458004454,free sweep (48% of recording),0.009291254915297031,loiacono,1516.7101411769438,42.44396314154457
F#6,1479.9776908465376,12,3.0149759240157437,free sweep (48% of recording),0.009291254915297031,librosa,1225.0,-327.35241556167193
F#6,1479.9776908465376,13,3.266128254996147,free sweep (52% of recording),0.009502473287284374,loiacono,1585.6877797834613,119.43996604979385
F#6,1479.9776908465376,13,3.268210370995803,free sweep (52% of recording),0.009502473287284374,librosa,1225.0,-327.35241556167193
F#6,1479.9776908465376,14,3.5130291919922456,free sweep (56% of recording),0.009586828760802746,loiacono,1505.2353214174739,29.296343902050246
F#6,1479.9776908465376,14,3.515171459992416,free sweep (56% of recording),0.009586828760802746,librosa,1225.0,-327.35241556167193
F#6,1479.9776908465376,15,3.766194980998989,free sweep (60% of recording),0.008750123903155327,loiacono,1489.4088919168503,10.997336227884565
F#6,1479.9776908465376,15,3.76796079298947,free sweep (60% of recording),0.008750123903155327,librosa,1225.0,-327.35241556167193
F#6,1479.9776908465376,16,4.01275271299528,free sweep (65% of recording),0.008533486165106297,loiacono,1537.6233112101686,66.15202148785198
F#6,1479.9776908465376,16,4.014942921989132,free sweep (65% of recording),0.008533486165106297,librosa,1358.922166416079,-147.73512257692394
F#6,1479.9776908465376,17,4.266417859005742,free sweep (69% of recording),0.008226100355386734,loiacono,1594.1499134821836,128.65425305650743
F#6,1479.9776908465376,17,4.268095706996974,free sweep (69% of recording),0.008226100355386734,librosa,1234.7149608646262,-313.6768809909505
F#6,1479.9776908465376,18,4.513075018010568,free sweep (73% of recording),0.00821652077138424,loiacono,1345.661446832221,-164.71192677983564
F#6,1479.9776908465376,18,4.514750611007912,free sweep (73% of recording),0.00821652077138424,librosa,1764.0,303.9301584394333
F#6,1479.9776908465376,19,4.766629816003842,free sweep (77% of recording),0.008222336880862713,loiacono,1563.983836160389,95.58020825399942
F#6,1479.9776908465376,19,4.76834402201348,free sweep (77% of recording),0.008222336880862713,librosa,1764.0,303.9301584394333
F#6,1479.9776908465376,20,5.013264201988932,free sweep (81% of recording),0.008227246813476086,loiacono,1570.1102569391408,102.34853201537541
F#6,1479.9776908465376,20,5.014910890982719,free sweep (81% of recording),0.008227246813476086,librosa,1764.0,303.9301584394333
F#6,1479.9776908465376,21,5.266932043014094,free sweep (85% of recording),0.008307668380439281,loiacono,1530.9732725542437,58.64840147293986
F#6,1479.9776908465376,21,5.26852107400191,free sweep (85% of recording),0.008307668380439281,librosa,1225.0,-327.35241556167193
F#6,1479.9776908465376,22,5.512423375999788,free sweep (90% of recording),0.008420229889452457,loiacono,1498.7830660304953,21.859384498876302
F#6,1479.9776908465376,22,5.514182554994477,free sweep (90% of recording),0.008420229889452457,librosa,1225.0,-327.35241556167193
F#6,1479.9776908465376,23,5.766640716989059,free sweep (94% of recording),0.008375384844839573,loiacono,1505.6672405024456,29.793040833349714
F#6,1479.9776908465376,23,5.7682291269884445,free sweep (94% of recording),0.008375384844839573,librosa,1225.0,-327.35241556167193
F#6,1479.9776908465376,24,6.013257509999676,free sweep (98% of recording),0.008589843288064003,loiacono,1522.2286356524642,48.73156334593156
F#6,1479.9776908465376,24,6.014974049990997,free sweep (98% of recording),0.008589843288064003,librosa,1225.0,-327.35241556167193
G6,1567.981743926997,1,0.26184071201714687,free sweep ( 2% of recording),0.008527427911758423,loiacono,1500.4285329631125,-76.24099050158502
G6,1567.981743926997,1,0.26474889801465906,free sweep ( 2% of recording),0.008527427911758423,librosa,1917.391304347826,348.2832389006875
G6,1567.981743926997,2,0.5163680149998982,free sweep ( 6% of recording),0.008440595120191574,loiacono,1490.062001409516,-88.2436797443715
G6,1567.981743926997,2,0.5200763210013974,free sweep ( 6% of recording),0.008440595120191574,librosa,1917.391304347826,348.2832389006875
G6,1567.981743926997,3,0.7726042130088899,free sweep (10% of recording),0.008230110630393028,loiacono,1509.9260597958432,-65.31703062712135
G6,1567.981743926997,3,0.7771639260172378,free sweep (10% of recording),0.008230110630393028,librosa,1583.3236434278228,16.856905550343257
G6,1567.981743926997,4,1.0226165959902573,free sweep (15% of recording),0.008241997100412846,loiacono,1473.6045965516187,-107.4711546122805
G6,1567.981743926997,4,1.025733273010701,free sweep (15% of recording),0.008241997100412846,librosa,1665.2364143619475,104.18189964524697
G6,1567.981743926997,5,1.2730116070015356,free sweep (19% of recording),0.008176958188414574,loiacono,1582.3230866883803,15.762533309405365
G6,1567.981743926997,5,1.2757875740062445,free sweep (19% of recording),0.008176958188414574,librosa,1917.391304347826,348.2832389006875
G6,1567.981743926997,6,1.5131002650014125,free sweep (23% of recording),0.008133388124406338,loiacono,1571.3556511803258,3.7211835677794562
G6,1567.981743926997,6,1.5160419129824731,free sweep (23% of recording),0.008133388124406338,librosa,1917.391304347826,348.2832389006875
G6,1567.981743926997,7,1.7644965139916167,free sweep (27% of recording),0.00813825149089098,loiacono,1536.2724074969244,-35.3696505986228
G6,1567.981743926997,7,1.7672444789786823,free sweep (27% of recording),0.00813825149089098,librosa,1297.0588235294117,-328.3978233313044
G6,1567.981743926997,8,2.0130563729908317,free sweep (31% of recording),0.0081858579069376,loiacono,1376.033484028489,-226.07182269105837
G6,1567.981743926997,8,2.0159117189759854,free sweep (31% of recording),0.0081858579069376,librosa,1297.0588235294117,-328.3978233313044
G6,1567.981743926997,9,2.266102196997963,free sweep (35% of recording),0.008251148276031017,loiacono,1708.3465416996125,148.4302754178324
G6,1567.981743926997,9,2.2687833560048603,free sweep (35% of recording),0.008251148276031017,librosa,1297.0588235294117,-328.3978233313044
G6,1567.981743926997,10,2.522697527980199,free sweep (40% of recording),0.008115258999168873,loiacono,1837.9218570722485,275.0000000000001
G6,1567.981743926997,10,2.5252477919857483,free sweep (40% of recording),0.008115258999168873,librosa,1917.391304347826,348.2832389006875
G6,1567.981743926997,11,2.762876184977358,free sweep (44% of recording),0.00808664970099926,loiacono,1513.1974266007278,-61.57024103305377
G6,1567.981743926997,11,2.7658819029747974,free sweep (44% of recording),0.00808664970099926,librosa,1917.391304347826,348.2832389006875
G6,1567.981743926997,12,3.014794593997067,free sweep (48% of recording),0.008582478389143944,loiacono,1630.99506759365,68.21238828651597
G6,1567.981743926997,12,3.0181584940000903,free sweep (48% of recording),0.008582478389143944,librosa,1297.0588235294117,-328.3978233313044
G6,1567.981743926997,13,3.2618426360131707,free sweep (52% of recording),0.008757366798818111,loiacono,1577.3335575573985,10.294819014399868
G6,1567.981743926997,13,3.264589739002986,free sweep (52% of recording),0.008757366798818111,librosa,1297.0588235294117,-328.3978233313044
G6,1567.981743926997,14,3.5154331610247027,free sweep (56% of recording),0.008659996092319489,loiacono,1590.575590787097,24.76820903670879
G6,1567.981743926997,14,3.519006183021702,free sweep (56% of recording),0.008659996092319489,librosa,1297.0588235294117,-328.3978233313044
G6,1567.981743926997,15,3.7668237299949396,free sweep (60% of recording),0.008864815346896648,loiacono,1543.017341243636,-27.785383712995106
G6,1567.981743926997,15,3.770837880001636,free sweep (60% of recording),0.008864815346896648,librosa,1297.0588235294117,-328.3978233313044
G6,1567.981743926997,16,4.014048513985472,free sweep (65% of recording),0.009693354368209839,loiacono,1585.028833984382,18.72038775930511
G6,1567.981743926997,16,4.016607934987405,free sweep (65% of recording),0.009693354368209839,librosa,1297.0588235294117,-328.3978233313044
G6,1567.981743926997,17,4.2627334269927815,free sweep (69% of recording),0.009723375551402569,loiacono,1606.939866299378,42.48861644818275
G6,1567.981743926997,17,4.2657575699849986,free sweep (69% of recording),0.009723375551402569,librosa,1297.0588235294117,-328.3978233313044
G6,1567.981743926997,18,4.51551028600079,free sweep (73% of recording),0.009915449656546116,loiacono,1650.4698364335688,88.76161233395251
G6,1567.981743926997,18,4.518123578018276,free sweep (73% of recording),0.009915449656546116,librosa,1297.0588235294117,-328.3978233313044
G6,1567.981743926997,19,4.761814533005236,free sweep (77% of recording),0.00944227073341608,loiacono,1564.0448271652415,-4.352279765986419
G6,1567.981743926997,19,4.764787179999985,free sweep (77% of recording),0.00944227073341608,librosa,1297.0588235294117,-328.3978233313044
G6,1567.981743926997,20,5.015233135985909,free sweep (81% of recording),0.009106790646910667,loiacono,1484.467536810428,-94.75586185318033
G6,1567.981743926997,20,5.019303531007608,free sweep (81% of recording),0.009106790646910667,librosa,1917.391304347826,348.2832389006875
G6,1567.981743926997,21,5.273221692012157,free sweep (85% of recording),0.009061362594366074,loiacono,1727.4512368998708,167.68346890821923
G6,1567.981743926997,21,5.276803329994436,free sweep (85% of recording),0.009061362594366074,librosa,1917.391304347826,348.2832389006875
G6,1567.981743926997,22,5.522790833027102,free sweep (90% of recording),0.00903369765728712,loiacono,1837.9218570722485,275.0000000000001
G6,1567.981743926997,22,5.525636862003012,free sweep (90% of recording),0.00903369765728712,librosa,1917.391304347826,348.2832389006875
G6,1567.981743926997,23,5.762538581009721,free sweep (94% of recording),0.009011836722493172,loiacono,1334.9907751213968,-278.4947872453956
G6,1567.981743926997,23,5.765070580993779,free sweep (94% of recording),0.009011836722493172,librosa,1917.391304347826,348.2832389006875
G6,1567.981743926997,24,6.016323330986779,free sweep (98% of recording),0.009025865234434605,loiacono,1552.1183149455292,-17.60427198706967
G6,1567.981743926997,24,6.019466586993076,free sweep (98% of recording),0.009025865234434605,librosa,1917.391304347826,348.2832389006875
